,United States,"New York, NY","Los Angeles, CA","Chicago, IL","Dallas, TX","Philadelphia, PA","Houston, TX","Washington, DC","Miami, FL","Atlanta, GA","Boston, MA","San Francisco, CA","Detroit, MI","Riverside, CA","Phoenix, AZ","Seattle, WA","Minneapolis, MN","San Diego, CA","St. Louis, MO","Tampa, FL","Baltimore, MD","Denver, CO","Pittsburgh, PA","Portland, OR","Charlotte, NC","Sacramento, CA","San Antonio, TX","Orlando, FL","Cincinnati, OH","Cleveland, OH","Kansas City, MO","Las Vegas, NV","Columbus, OH","Indianapolis, IN","San Jose, CA","Austin, TX","Virginia Beach, VA","Nashville, TN","Providence, RI","Milwaukee, WI","Jacksonville, FL","Memphis, TN","Oklahoma City, OK","Louisville, KY","Hartford, CT","Richmond, VA","New Orleans, LA","Buffalo, NY","Raleigh, NC","Birmingham, AL","Salt Lake City, UT","Rochester, NY","Grand Rapids, MI","Tucson, AZ","Urban Honolulu, HI","Tulsa, OK","Fresno, CA","Worcester, MA","Stamford, CT","Albuquerque, NM","Albany, NY","Omaha, NE","New Haven, CT","Bakersfield, CA","Knoxville, TN","Greenville, SC","Ventura, CA","Allentown, PA","El Paso, TX","Baton Rouge, LA","Dayton, OH","Columbia, SC","Greensboro, NC","Akron, OH","North Port, FL","Little Rock, AR","Stockton, CA","Charleston, SC","Syracuse, NY","Colorado Springs, CO","Winston, NC","Wichita, KS","Springfield, MA","Fort Myers, FL","Boise City, ID","Toledo, OH","Madison, WI","Lakeland, FL","Ogden, UT","Daytona Beach, FL","Des Moines, IA","Jackson, MS","Youngstown, OH","Augusta, GA","Scranton, PA","Harrisburg, PA","Melbourne, FL","Chattanooga, TN","Spokane, WA","Provo, UT","Durham, NC","Port St. Lucie, FL","Fort Collins, CO","Boulder, CO","Greeley, CO","Gainesville, GA"
2014-01,1354.0,2296.0,1857.0,1527.0,1222.0,1364.0,1272.0,1893.0,1571.0,1139.0,2103.0,2183.0,1021.0,1451.0,1010.0,1374.0,1257.0,1726.0,953.0,1160.0,1521.0,1251.0,,1174.0,1134.0,1238.0,1092.0,1207.0,970.0,939.0,977.0,1055.0,1012.0,1011.0,2104.0,1269.0,1208.0,1199.0,1241.0,959.0,1109.0,1114.0,963.0,810.0,1178.0,,1207.0,846.0,1241.0,964.0,1057.0,904.0,842.0,968.0,1682.0,974.0,1103.0,1060.0,1871.0,964.0,1114.0,967.0,1222.0,1015.0,1015.0,1006.0,2036.0,1127.0,1042.0,1066.0,,,997.0,731.0,1359.0,824.0,1285.0,1201.0,844.0,1104.0,1021.0,,1176.0,1097.0,866.0,751.0,1117.0,1036.0,905.0,1022.0,989.0,1090.0,,,750.0,1001.0,986.0,914.0,857.0,991.0,1173.0,1157.0,1239.0,1522.0,1252.0,978.0
2014-02,1360.0,2307.0,1870.0,1532.0,1228.0,1367.0,1282.0,1897.0,1578.0,1144.0,2110.0,2218.0,1023.0,1457.0,1015.0,1384.0,1261.0,1737.0,955.0,1165.0,1526.0,1267.0,997.0,1184.0,1138.0,1243.0,1095.0,1211.0,972.0,941.0,980.0,1058.0,1016.0,1013.0,2146.0,1276.0,1210.0,1207.0,1245.0,963.0,1110.0,1116.0,966.0,814.0,1183.0,1079.0,1215.0,848.0,1244.0,967.0,1062.0,907.0,846.0,969.0,1701.0,978.0,1107.0,1063.0,1881.0,966.0,1120.0,970.0,1227.0,1017.0,1018.0,1009.0,2046.0,1130.0,1042.0,1071.0,825.0,977.0,1001.0,734.0,1366.0,824.0,1292.0,1209.0,849.0,1110.0,1023.0,748.0,1179.0,1106.0,871.0,753.0,1117.0,1039.0,913.0,1026.0,994.0,1094.0,600.0,969.0,752.0,999.0,991.0,,858.0,997.0,1175.0,1165.0,1252.0,1534.0,1262.0,981.0
2014-03,1366.0,2318.0,1884.0,1537.0,1234.0,1369.0,1292.0,1901.0,1586.0,1148.0,2117.0,2254.0,1026.0,1463.0,1019.0,1394.0,1265.0,1747.0,957.0,1169.0,1530.0,1283.0,999.0,1195.0,1142.0,1249.0,1099.0,1215.0,974.0,943.0,983.0,1061.0,1019.0,1015.0,2188.0,1283.0,1211.0,1215.0,1249.0,967.0,1111.0,1118.0,969.0,819.0,1188.0,1081.0,1224.0,850.0,1247.0,969.0,1067.0,910.0,851.0,971.0,1720.0,981.0,1110.0,1067.0,1891.0,967.0,1125.0,973.0,1231.0,1020.0,1021.0,1011.0,2057.0,1134.0,1042.0,1076.0,824.0,979.0,1004.0,736.0,1373.0,824.0,1299.0,1217.0,854.0,1115.0,1025.0,750.0,1183.0,1116.0,875.0,755.0,1118.0,1041.0,921.0,1031.0,999.0,1099.0,601.0,970.0,754.0,997.0,997.0,,859.0,1004.0,1177.0,1173.0,1265.0,1547.0,1272.0,984.0
2014-04,1372.0,2329.0,1897.0,1542.0,1240.0,1372.0,1302.0,1905.0,1594.0,1152.0,2124.0,2290.0,1028.0,1469.0,1024.0,1404.0,1268.0,1757.0,959.0,1174.0,1535.0,1298.0,1002.0,1205.0,1146.0,1254.0,1102.0,1220.0,976.0,944.0,986.0,1064.0,1023.0,1017.0,2230.0,1290.0,1213.0,1223.0,1254.0,971.0,1113.0,1120.0,971.0,823.0,1194.0,1084.0,1233.0,852.0,1250.0,972.0,1072.0,913.0,856.0,972.0,1740.0,984.0,1114.0,1071.0,1901.0,969.0,1131.0,977.0,1235.0,1023.0,1024.0,1014.0,2067.0,1137.0,1043.0,1082.0,824.0,981.0,1008.0,738.0,1379.0,824.0,1306.0,1225.0,859.0,1121.0,1027.0,752.0,1186.0,1126.0,879.0,758.0,1118.0,1044.0,929.0,1036.0,1003.0,1104.0,603.0,970.0,756.0,995.0,1003.0,938.0,860.0,1010.0,1178.0,1181.0,1278.0,1560.0,1282.0,987.0
2014-05,1378.0,2339.0,1910.0,1546.0,1245.0,1374.0,1311.0,1909.0,1602.0,1157.0,2130.0,2326.0,1031.0,1475.0,1029.0,1414.0,1272.0,1768.0,961.0,1178.0,1539.0,1314.0,1004.0,1216.0,1150.0,1260.0,1106.0,1224.0,977.0,946.0,989.0,1067.0,1026.0,1019.0,2270.0,1296.0,1215.0,1232.0,1258.0,975.0,1114.0,1122.0,974.0,827.0,1199.0,1087.0,1241.0,855.0,1253.0,974.0,1076.0,915.0,861.0,973.0,1758.0,988.0,1118.0,1075.0,1911.0,971.0,1135.0,980.0,1239.0,1026.0,1028.0,1016.0,2077.0,1140.0,1043.0,1087.0,823.0,983.0,1011.0,741.0,1386.0,824.0,1313.0,1233.0,863.0,1126.0,1029.0,753.0,1190.0,1136.0,884.0,760.0,1118.0,1047.0,937.0,1041.0,1008.0,1108.0,605.0,971.0,758.0,993.0,1008.0,945.0,861.0,1016.0,1180.0,1189.0,1291.0,1572.0,1292.0,991.0
2014-06,1383.0,2350.0,1923.0,1551.0,1251.0,1377.0,1321.0,1912.0,1610.0,1161.0,2137.0,2361.0,1033.0,1481.0,1033.0,1424.0,1276.0,1778.0,963.0,1183.0,1544.0,1329.0,1006.0,1226.0,1154.0,1265.0,1110.0,1228.0,979.0,948.0,992.0,1070.0,1030.0,1021.0,2311.0,1303.0,1216.0,1240.0,1262.0,979.0,1116.0,1124.0,977.0,831.0,1204.0,1089.0,1249.0,857.0,1256.0,976.0,1081.0,918.0,866.0,974.0,1777.0,991.0,1121.0,1078.0,1920.0,973.0,1140.0,983.0,1243.0,1028.0,1031.0,1019.0,2088.0,1143.0,1043.0,1092.0,823.0,985.0,1014.0,743.0,1393.0,824.0,1321.0,1241.0,868.0,1132.0,1031.0,755.0,1193.0,1146.0,888.0,762.0,1119.0,1050.0,944.0,1045.0,1013.0,1112.0,607.0,972.0,760.0,992.0,1014.0,953.0,863.0,1023.0,1182.0,1196.0,1304.0,1585.0,1302.0,995.0
2014-07,1389.0,2360.0,1937.0,1555.0,1257.0,1379.0,1330.0,1916.0,1617.0,1166.0,2144.0,2396.0,1036.0,1488.0,1038.0,1434.0,1279.0,1788.0,965.0,1187.0,1548.0,1345.0,1008.0,1237.0,1158.0,1271.0,1113.0,1232.0,981.0,950.0,994.0,1073.0,1033.0,1022.0,2351.0,1310.0,1218.0,1248.0,1266.0,983.0,1117.0,1126.0,979.0,836.0,1209.0,1092.0,1257.0,859.0,1258.0,979.0,1085.0,921.0,871.0,975.0,1796.0,994.0,1125.0,1082.0,1930.0,975.0,1145.0,987.0,1247.0,1031.0,1034.0,1021.0,2098.0,1146.0,1044.0,1096.0,823.0,986.0,1017.0,745.0,1399.0,824.0,1328.0,1249.0,872.0,1137.0,1033.0,756.0,1196.0,1155.0,893.0,765.0,1119.0,1053.0,952.0,1050.0,1018.0,1116.0,608.0,973.0,763.0,991.0,1020.0,961.0,864.0,1029.0,1183.0,1204.0,1318.0,1598.0,1312.0,998.0
2014-08,1395.0,2371.0,1950.0,1560.0,1263.0,1382.0,1339.0,1920.0,1625.0,1171.0,2150.0,2431.0,1038.0,1494.0,1043.0,1444.0,1283.0,1799.0,967.0,1192.0,1552.0,1360.0,1010.0,1247.0,1162.0,1277.0,1117.0,1236.0,983.0,952.0,997.0,1076.0,1037.0,1024.0,2391.0,1316.0,1219.0,1256.0,1271.0,986.0,1118.0,1128.0,982.0,840.0,1213.0,1094.0,1265.0,862.0,1261.0,981.0,1090.0,923.0,876.0,976.0,1814.0,997.0,1129.0,1086.0,1939.0,977.0,1149.0,991.0,1251.0,1034.0,1038.0,1024.0,2108.0,1149.0,1044.0,1101.0,822.0,988.0,1021.0,748.0,1406.0,825.0,1335.0,1257.0,876.0,1143.0,1035.0,758.0,1199.0,1166.0,897.0,767.0,1120.0,1055.0,959.0,1055.0,1022.0,1120.0,610.0,974.0,765.0,990.0,1025.0,969.0,866.0,1035.0,1185.0,1212.0,1330.0,1611.0,1322.0,1002.0
2014-09,1401.0,2381.0,1963.0,1564.0,1268.0,1384.0,1349.0,1924.0,1633.0,1175.0,2157.0,2466.0,1041.0,1500.0,1048.0,1454.0,1286.0,1809.0,969.0,1197.0,1556.0,1375.0,1012.0,1257.0,1166.0,1282.0,1121.0,1241.0,985.0,954.0,1000.0,1079.0,1040.0,1026.0,2431.0,1323.0,1221.0,1264.0,1275.0,990.0,1120.0,1130.0,984.0,844.0,1218.0,1097.0,1273.0,864.0,1264.0,983.0,1095.0,926.0,881.0,978.0,1832.0,1001.0,1132.0,1090.0,1949.0,979.0,1154.0,994.0,1255.0,1037.0,1041.0,1026.0,2119.0,1152.0,1044.0,1106.0,822.0,990.0,1024.0,750.0,1413.0,825.0,1341.0,1265.0,880.0,1148.0,1037.0,759.0,1203.0,1176.0,902.0,769.0,1121.0,1058.0,967.0,1060.0,1027.0,1124.0,612.0,975.0,767.0,989.0,1031.0,976.0,867.0,1041.0,1187.0,1219.0,1343.0,1623.0,1332.0,1006.0
2014-10,1407.0,2392.0,1976.0,1568.0,1274.0,1387.0,1358.0,1927.0,1641.0,1180.0,2163.0,2501.0,1043.0,1506.0,1052.0,1464.0,1290.0,1820.0,971.0,1201.0,1560.0,1390.0,1014.0,1268.0,1170.0,1288.0,1125.0,1245.0,986.0,956.0,1003.0,1082.0,1044.0,1028.0,2471.0,1330.0,1222.0,1272.0,1279.0,994.0,1121.0,1132.0,987.0,848.0,1223.0,1099.0,1281.0,867.0,1267.0,986.0,1099.0,929.0,886.0,979.0,1850.0,1004.0,1136.0,1094.0,1958.0,981.0,1158.0,998.0,1259.0,1039.0,1044.0,1029.0,2129.0,1155.0,1045.0,1111.0,822.0,991.0,1027.0,752.0,1420.0,825.0,1348.0,1273.0,884.0,1153.0,1039.0,761.0,1206.0,1186.0,906.0,772.0,1121.0,1061.0,974.0,1065.0,1031.0,1128.0,613.0,976.0,769.0,988.0,1037.0,984.0,869.0,1047.0,1189.0,1227.0,1356.0,1636.0,1342.0,1010.0
2014-11,1413.0,2402.0,1988.0,1572.0,1280.0,1390.0,1364.0,1930.0,1649.0,1185.0,2170.0,2534.0,1046.0,1513.0,1058.0,1473.0,1294.0,1830.0,973.0,1206.0,1563.0,1405.0,1015.0,1279.0,1175.0,1295.0,1128.0,1249.0,989.0,959.0,1005.0,1085.0,1048.0,1030.0,2504.0,1336.0,1224.0,1280.0,1284.0,997.0,1123.0,1134.0,989.0,851.0,1227.0,1102.0,1287.0,870.0,1271.0,988.0,1103.0,931.0,891.0,980.0,1865.0,1007.0,1139.0,1098.0,1965.0,983.0,1160.0,1002.0,1262.0,1042.0,1047.0,1032.0,2139.0,1158.0,1045.0,1116.0,822.0,993.0,1030.0,755.0,1427.0,825.0,1356.0,1281.0,886.0,1159.0,1041.0,762.0,1208.0,1197.0,910.0,774.0,1124.0,1065.0,980.0,1070.0,1034.0,1130.0,615.0,977.0,770.0,989.0,1043.0,989.0,872.0,1053.0,1191.0,1234.0,1367.0,1649.0,1351.0,1015.0
2014-12,1419.0,2412.0,2000.0,1576.0,1286.0,1393.0,1371.0,1934.0,1657.0,1190.0,2177.0,2567.0,1048.0,1519.0,1063.0,1483.0,1297.0,1840.0,975.0,1210.0,1566.0,1419.0,1017.0,1290.0,1179.0,1301.0,1132.0,1254.0,991.0,962.0,1008.0,1088.0,1052.0,1032.0,2537.0,1342.0,1225.0,1288.0,1288.0,999.0,1125.0,1136.0,991.0,855.0,1231.0,1104.0,1293.0,873.0,1275.0,990.0,1107.0,934.0,896.0,981.0,1879.0,1009.0,1141.0,1102.0,1972.0,985.0,1161.0,1006.0,1265.0,1044.0,1050.0,1035.0,2149.0,1160.0,1045.0,1120.0,823.0,994.0,1033.0,757.0,1434.0,826.0,1363.0,1289.0,888.0,1164.0,1043.0,763.0,1210.0,1208.0,915.0,776.0,1127.0,1069.0,986.0,1076.0,1038.0,1132.0,616.0,979.0,771.0,990.0,1050.0,995.0,875.0,1058.0,1193.0,1241.0,1378.0,1661.0,1361.0,1019.0
2015-01,1424.0,2422.0,2012.0,1580.0,1292.0,1396.0,1378.0,1937.0,1664.0,1195.0,2183.0,2599.0,1051.0,1525.0,1068.0,1492.0,1301.0,1850.0,977.0,1215.0,1570.0,1433.0,1018.0,1300.0,1183.0,1308.0,1136.0,1258.0,993.0,964.0,1010.0,1092.0,1055.0,1034.0,2570.0,1349.0,1226.0,1295.0,1293.0,1002.0,1127.0,1137.0,993.0,858.0,1234.0,1106.0,1299.0,876.0,1278.0,992.0,1111.0,936.0,901.0,983.0,1893.0,1012.0,1144.0,1106.0,1979.0,987.0,1163.0,1010.0,1268.0,1047.0,1053.0,1038.0,2160.0,1162.0,1046.0,1124.0,824.0,995.0,1036.0,760.0,1441.0,826.0,1370.0,1296.0,890.0,1169.0,1046.0,764.0,1213.0,1219.0,919.0,778.0,1129.0,1072.0,992.0,1081.0,1041.0,1134.0,617.0,981.0,772.0,991.0,1056.0,1001.0,878.0,1063.0,1195.0,1247.0,1389.0,1673.0,1370.0,1024.0
2015-02,1430.0,2431.0,2023.0,1584.0,1297.0,1399.0,1381.0,1939.0,1672.0,1200.0,2190.0,2627.0,1053.0,1531.0,1073.0,1501.0,1305.0,1860.0,979.0,1220.0,1572.0,1444.0,1020.0,1312.0,1188.0,1315.0,1140.0,1263.0,997.0,968.0,1012.0,1095.0,1060.0,1036.0,2596.0,1354.0,1227.0,1302.0,1298.0,1004.0,1130.0,1138.0,994.0,860.0,1237.0,1108.0,1303.0,880.0,1282.0,993.0,1114.0,938.0,906.0,984.0,1902.0,1014.0,1147.0,1110.0,1984.0,989.0,1161.0,1013.0,1270.0,1049.0,1055.0,1042.0,2169.0,1165.0,1046.0,1126.0,825.0,996.0,1038.0,762.0,1448.0,827.0,1378.0,1303.0,891.0,1174.0,1048.0,765.0,1215.0,1231.0,923.0,779.0,1133.0,1077.0,996.0,1087.0,1042.0,1134.0,618.0,982.0,773.0,994.0,1063.0,1004.0,882.0,1067.0,1199.0,1253.0,1398.0,1684.0,1378.0,1031.0
2015-03,1435.0,2440.0,2035.0,1588.0,1303.0,1402.0,1385.0,1942.0,1680.0,1205.0,2196.0,2654.0,1056.0,1538.0,1079.0,1510.0,1308.0,1869.0,981.0,1225.0,1574.0,1456.0,1020.0,1323.0,1193.0,1322.0,1144.0,1268.0,1000.0,971.0,1014.0,1099.0,1064.0,1038.0,2622.0,1360.0,1229.0,1309.0,1303.0,1006.0,1133.0,1140.0,995.0,862.0,1239.0,1110.0,1307.0,884.0,1286.0,995.0,1117.0,940.0,911.0,986.0,1911.0,1016.0,1150.0,1114.0,1989.0,991.0,1160.0,1017.0,1273.0,1050.0,1057.0,1046.0,2178.0,1167.0,1047.0,1128.0,827.0,995.0,1040.0,764.0,1456.0,828.0,1386.0,1309.0,891.0,1179.0,1051.0,765.0,1217.0,1243.0,928.0,780.0,1136.0,1081.0,1000.0,1093.0,1042.0,1135.0,619.0,984.0,774.0,998.0,1071.0,1008.0,887.0,1071.0,1202.0,1259.0,1407.0,1696.0,1385.0,1038.0
2015-04,1441.0,2449.0,2046.0,1592.0,1309.0,1405.0,1389.0,1944.0,1688.0,1211.0,2202.0,2682.0,1058.0,1544.0,1084.0,1519.0,1312.0,1879.0,983.0,1230.0,1576.0,1467.0,1021.0,1334.0,1198.0,1329.0,1148.0,1273.0,1003.0,975.0,1016.0,1102.0,1068.0,1040.0,2648.0,1365.0,1230.0,1315.0,1308.0,1008.0,1136.0,1141.0,997.0,865.0,1242.0,1112.0,1311.0,889.0,1290.0,997.0,1120.0,943.0,916.0,987.0,1921.0,1019.0,1153.0,1118.0,1994.0,993.0,1158.0,1020.0,1275.0,1052.0,1058.0,1050.0,2187.0,1169.0,1048.0,1130.0,830.0,995.0,1042.0,765.0,1463.0,829.0,1394.0,1315.0,892.0,1184.0,1054.0,765.0,1219.0,1255.0,932.0,781.0,1139.0,1085.0,1004.0,1099.0,1043.0,1135.0,619.0,986.0,775.0,1001.0,1078.0,1011.0,891.0,1075.0,1205.0,1264.0,1415.0,1707.0,1393.0,1045.0
2015-05,1446.0,2458.0,2058.0,1596.0,1314.0,1408.0,1393.0,1947.0,1695.0,1216.0,2209.0,2705.0,1061.0,1551.0,1089.0,1528.0,1316.0,1888.0,985.0,1235.0,1578.0,1477.0,1022.0,1345.0,1204.0,1338.0,1152.0,1278.0,1007.0,978.0,1019.0,1106.0,1072.0,1043.0,2670.0,1371.0,1231.0,1322.0,1314.0,1009.0,1139.0,1142.0,997.0,866.0,1244.0,1114.0,1314.0,892.0,1294.0,999.0,1125.0,946.0,922.0,989.0,1926.0,1020.0,1157.0,1122.0,1998.0,995.0,1158.0,1023.0,1277.0,1054.0,1060.0,1055.0,2195.0,1172.0,1048.0,1133.0,832.0,995.0,1043.0,767.0,1470.0,830.0,1402.0,1320.0,893.0,1189.0,1056.0,765.0,1221.0,1266.0,937.0,783.0,1143.0,1090.0,1008.0,1105.0,1043.0,1137.0,619.0,988.0,776.0,1005.0,1085.0,1014.0,896.0,1079.0,1210.0,1270.0,1422.0,1718.0,1400.0,1051.0
2015-06,1452.0,2466.0,2069.0,1600.0,1319.0,1412.0,1396.0,1951.0,1703.0,1221.0,2216.0,2729.0,1063.0,1558.0,1095.0,1537.0,1320.0,1897.0,987.0,1240.0,1580.0,1487.0,1023.0,1356.0,1209.0,1346.0,1157.0,1284.0,1010.0,982.0,1022.0,1110.0,1076.0,1046.0,2693.0,1377.0,1233.0,1329.0,1319.0,1011.0,1143.0,1144.0,998.0,868.0,1246.0,1116.0,1318.0,896.0,1297.0,1001.0,1129.0,949.0,928.0,991.0,1932.0,1022.0,1160.0,1126.0,2002.0,997.0,1159.0,1026.0,1279.0,1055.0,1061.0,1060.0,2204.0,1175.0,1048.0,1135.0,835.0,996.0,1045.0,769.0,1476.0,831.0,1410.0,1325.0,895.0,1195.0,1059.0,765.0,1223.0,1278.0,941.0,784.0,1147.0,1094.0,1012.0,1111.0,1042.0,1139.0,619.0,990.0,777.0,1009.0,1091.0,1017.0,901.0,1084.0,1214.0,1276.0,1429.0,1729.0,1406.0,1058.0
2015-07,1457.0,2475.0,2081.0,1605.0,1325.0,1415.0,1399.0,1954.0,1711.0,1227.0,2223.0,2752.0,1066.0,1564.0,1100.0,1546.0,1325.0,1906.0,990.0,1246.0,1582.0,1497.0,1024.0,1367.0,1215.0,1354.0,1161.0,1289.0,1014.0,985.0,1025.0,1115.0,1080.0,1049.0,2716.0,1383.0,1234.0,1335.0,1325.0,1013.0,1146.0,1145.0,998.0,870.0,1248.0,1119.0,1321.0,900.0,1301.0,1002.0,1133.0,952.0,934.0,993.0,1938.0,1024.0,1163.0,1130.0,2005.0,999.0,1159.0,1029.0,1281.0,1056.0,1062.0,1065.0,2212.0,1177.0,1049.0,1138.0,838.0,998.0,1046.0,771.0,1483.0,832.0,1418.0,1330.0,897.0,1200.0,1062.0,765.0,1226.0,1290.0,946.0,785.0,1151.0,1098.0,1016.0,1117.0,1042.0,1141.0,619.0,992.0,778.0,1012.0,1098.0,1020.0,906.0,1088.0,1218.0,1282.0,1436.0,1740.0,1413.0,1065.0
2015-08,1463.0,2483.0,2093.0,1610.0,1330.0,1419.0,1401.0,1958.0,1718.0,1232.0,2232.0,2772.0,1069.0,1571.0,1106.0,1556.0,1329.0,1915.0,992.0,1251.0,1584.0,1506.0,1025.0,1379.0,1221.0,1363.0,1165.0,1295.0,1018.0,988.0,1028.0,1119.0,1084.0,1052.0,2734.0,1388.0,1236.0,1342.0,1331.0,1014.0,1150.0,1147.0,999.0,872.0,1250.0,1121.0,1324.0,903.0,1305.0,1004.0,1139.0,955.0,940.0,995.0,1942.0,1025.0,1167.0,1134.0,2009.0,1001.0,1162.0,1032.0,1283.0,1057.0,1063.0,1071.0,2220.0,1181.0,1049.0,1140.0,841.0,999.0,1047.0,773.0,1489.0,833.0,1427.0,1335.0,900.0,1206.0,1065.0,765.0,1229.0,1300.0,951.0,786.0,1156.0,1103.0,1019.0,1123.0,1042.0,1144.0,619.0,994.0,779.0,1015.0,1105.0,1024.0,911.0,1092.0,1223.0,1290.0,1442.0,1750.0,1418.0,1070.0
2015-09,1468.0,2490.0,2105.0,1615.0,1335.0,1423.0,1403.0,1962.0,1726.0,1238.0,2240.0,2792.0,1071.0,1578.0,1111.0,1566.0,1334.0,1923.0,994.0,1256.0,1586.0,1514.0,1027.0,1390.0,1227.0,1372.0,1170.0,1301.0,1022.0,991.0,1032.0,1124.0,1088.0,1054.0,2752.0,1394.0,1238.0,1350.0,1337.0,1016.0,1153.0,1148.0,999.0,874.0,1252.0,1124.0,1327.0,906.0,1309.0,1006.0,1144.0,958.0,947.0,998.0,1947.0,1026.0,1171.0,1137.0,2012.0,1003.0,1164.0,1034.0,1285.0,1058.0,1064.0,1076.0,2228.0,1184.0,1050.0,1143.0,844.0,1001.0,1048.0,775.0,1495.0,834.0,1437.0,1340.0,904.0,1212.0,1067.0,766.0,1232.0,1311.0,955.0,787.0,1160.0,1107.0,1022.0,1129.0,1042.0,1147.0,619.0,996.0,780.0,1018.0,1112.0,1028.0,915.0,1096.0,1228.0,1297.0,1448.0,1759.0,1424.0,1076.0
2015-10,1474.0,2497.0,2117.0,1620.0,1341.0,1427.0,1406.0,1966.0,1733.0,1244.0,2248.0,2812.0,1074.0,1584.0,1116.0,1576.0,1339.0,1932.0,997.0,1262.0,1588.0,1523.0,1029.0,1401.0,1233.0,1381.0,1174.0,1306.0,1025.0,995.0,1035.0,1128.0,1092.0,1057.0,2770.0,1399.0,1239.0,1357.0,1343.0,1017.0,1157.0,1150.0,999.0,876.0,1254.0,1126.0,1329.0,910.0,1312.0,1008.0,1149.0,962.0,953.0,1000.0,1952.0,1028.0,1175.0,1141.0,2015.0,1005.0,1167.0,1037.0,1287.0,1059.0,1065.0,1082.0,2236.0,1188.0,1050.0,1145.0,847.0,1003.0,1049.0,776.0,1501.0,835.0,1446.0,1345.0,907.0,1217.0,1070.0,767.0,1234.0,1322.0,960.0,788.0,1164.0,1112.0,1025.0,1135.0,1042.0,1150.0,620.0,998.0,782.0,1021.0,1119.0,1032.0,920.0,1101.0,1233.0,1304.0,1454.0,1769.0,1429.0,1081.0
2015-11,1479.0,2503.0,2129.0,1625.0,1346.0,1430.0,1407.0,1969.0,1740.0,1250.0,2256.0,2828.0,1077.0,1591.0,1122.0,1586.0,1344.0,1941.0,999.0,1268.0,1590.0,1531.0,1030.0,1411.0,1238.0,1390.0,1177.0,1312.0,1029.0,997.0,1038.0,1133.0,1095.0,1061.0,2783.0,1404.0,1241.0,1364.0,1348.0,1019.0,1160.0,1152.0,999.0,878.0,1256.0,1129.0,1331.0,913.0,1316.0,1010.0,1154.0,964.0,960.0,1002.0,1956.0,1029.0,1179.0,1146.0,2018.0,1007.0,1170.0,1039.0,1290.0,1060.0,1067.0,1087.0,2245.0,1191.0,1051.0,1148.0,850.0,1005.0,1050.0,778.0,1506.0,836.0,1456.0,1350.0,911.0,1224.0,1073.0,768.0,1238.0,1331.0,966.0,790.0,1167.0,1117.0,1028.0,1141.0,1043.0,1153.0,620.0,1000.0,784.0,1024.0,1126.0,1036.0,924.0,1106.0,1238.0,1313.0,1459.0,1777.0,1434.0,1087.0
2015-12,1484.0,2509.0,2141.0,1631.0,1352.0,1434.0,1408.0,1972.0,1747.0,1256.0,2265.0,2844.0,1080.0,1598.0,1127.0,1596.0,1348.0,1950.0,1001.0,1273.0,1592.0,1538.0,1032.0,1421.0,1244.0,1400.0,1181.0,1318.0,1032.0,1000.0,1042.0,1137.0,1099.0,1064.0,2796.0,1409.0,1243.0,1372.0,1353.0,1020.0,1164.0,1154.0,999.0,881.0,1258.0,1132.0,1333.0,916.0,1320.0,1011.0,1159.0,967.0,967.0,1005.0,1960.0,1030.0,1183.0,1151.0,2021.0,1009.0,1173.0,1042.0,1292.0,1062.0,1069.0,1092.0,2255.0,1195.0,1051.0,1150.0,852.0,1007.0,1052.0,780.0,1511.0,837.0,1466.0,1356.0,915.0,1231.0,1076.0,769.0,1242.0,1340.0,971.0,791.0,1171.0,1121.0,1032.0,1146.0,1044.0,1155.0,621.0,1002.0,786.0,1026.0,1133.0,1041.0,928.0,1111.0,1243.0,1322.0,1465.0,1784.0,1440.0,1094.0
2016-01,1489.0,2515.0,2153.0,1636.0,1357.0,1438.0,1409.0,1976.0,1753.0,1262.0,2273.0,2860.0,1083.0,1604.0,1133.0,1607.0,1353.0,1960.0,1004.0,1279.0,1594.0,1546.0,1033.0,1431.0,1250.0,1410.0,1185.0,1324.0,1035.0,1002.0,1045.0,1142.0,1102.0,1067.0,2808.0,1414.0,1244.0,1379.0,1357.0,1022.0,1168.0,1156.0,999.0,883.0,1261.0,1136.0,1335.0,919.0,1324.0,1013.0,1164.0,970.0,974.0,1007.0,1965.0,1031.0,1188.0,1156.0,2024.0,1011.0,1175.0,1045.0,1295.0,1063.0,1072.0,1098.0,2264.0,1198.0,1052.0,1153.0,855.0,1009.0,1053.0,781.0,1516.0,837.0,1476.0,1361.0,918.0,1237.0,1078.0,770.0,1246.0,1349.0,976.0,793.0,1175.0,1126.0,1035.0,1152.0,1044.0,1157.0,622.0,1004.0,787.0,1029.0,1140.0,1045.0,932.0,1116.0,1248.0,1331.0,1470.0,1792.0,1445.0,1100.0
2016-02,1494.0,2520.0,2164.0,1641.0,1363.0,1441.0,1410.0,1978.0,1758.0,1268.0,2281.0,2871.0,1086.0,1611.0,1138.0,1617.0,1358.0,1969.0,1006.0,1285.0,1595.0,1552.0,1034.0,1439.0,1256.0,1419.0,1188.0,1329.0,1038.0,1004.0,1048.0,1146.0,1105.0,1070.0,2815.0,1418.0,1245.0,1386.0,1362.0,1023.0,1171.0,1158.0,999.0,886.0,1263.0,1139.0,1336.0,922.0,1328.0,1015.0,1169.0,972.0,982.0,1010.0,1969.0,1032.0,1192.0,1161.0,2026.0,1014.0,1178.0,1048.0,1298.0,1066.0,1075.0,1101.0,2274.0,1201.0,1052.0,1157.0,857.0,1011.0,1055.0,783.0,1520.0,838.0,1486.0,1366.0,921.0,1245.0,1080.0,771.0,1249.0,1356.0,982.0,796.0,1178.0,1131.0,1040.0,1158.0,1046.0,1159.0,623.0,1006.0,790.0,1032.0,1147.0,1050.0,936.0,1122.0,1253.0,1339.0,1474.0,1797.0,1450.0,1107.0
2016-03,1499.0,2524.0,2176.0,1645.0,1369.0,1445.0,1410.0,1981.0,1764.0,1275.0,2288.0,2881.0,1089.0,1618.0,1144.0,1628.0,1363.0,1979.0,1008.0,1290.0,1595.0,1558.0,1035.0,1448.0,1261.0,1429.0,1192.0,1335.0,1040.0,1006.0,1051.0,1151.0,1108.0,1073.0,2822.0,1421.0,1247.0,1393.0,1367.0,1025.0,1174.0,1160.0,998.0,889.0,1265.0,1142.0,1336.0,925.0,1332.0,1016.0,1175.0,975.0,989.0,1013.0,1973.0,1033.0,1197.0,1167.0,2028.0,1016.0,1181.0,1051.0,1301.0,1068.0,1079.0,1105.0,2284.0,1204.0,1053.0,1161.0,859.0,1014.0,1057.0,785.0,1524.0,839.0,1497.0,1372.0,923.0,1252.0,1082.0,772.0,1253.0,1364.0,988.0,799.0,1181.0,1136.0,1044.0,1164.0,1048.0,1161.0,624.0,1008.0,792.0,1034.0,1155.0,1055.0,941.0,1128.0,1258.0,1348.0,1478.0,1802.0,1454.0,1114.0
2016-04,1504.0,2529.0,2187.0,1649.0,1375.0,1448.0,1411.0,1984.0,1769.0,1281.0,2296.0,2892.0,1093.0,1624.0,1150.0,1638.0,1368.0,1988.0,1011.0,1296.0,1596.0,1564.0,1035.0,1456.0,1267.0,1439.0,1196.0,1340.0,1043.0,1008.0,1055.0,1155.0,1111.0,1076.0,2829.0,1425.0,1248.0,1401.0,1372.0,1026.0,1177.0,1163.0,998.0,892.0,1267.0,1145.0,1337.0,927.0,1336.0,1018.0,1180.0,977.0,996.0,1015.0,1977.0,1034.0,1201.0,1172.0,2031.0,1018.0,1183.0,1055.0,1303.0,1070.0,1083.0,1109.0,2294.0,1207.0,1054.0,1165.0,861.0,1016.0,1059.0,787.0,1529.0,840.0,1507.0,1377.0,926.0,1259.0,1085.0,772.0,1257.0,1371.0,994.0,801.0,1184.0,1141.0,1049.0,1170.0,1050.0,1163.0,626.0,1010.0,794.0,1037.0,1163.0,1060.0,945.0,1134.0,1263.0,1356.0,1482.0,1808.0,1459.0,1121.0
2016-05,1508.0,2533.0,2198.0,1652.0,1380.0,1452.0,1411.0,1986.0,1773.0,1288.0,2304.0,2898.0,1096.0,1631.0,1156.0,1648.0,1373.0,1997.0,1013.0,1301.0,1596.0,1569.0,1036.0,1462.0,1272.0,1448.0,1199.0,1345.0,1046.0,1009.0,1058.0,1160.0,1113.0,1078.0,2831.0,1428.0,1249.0,1407.0,1378.0,1028.0,1181.0,1165.0,997.0,896.0,1269.0,1148.0,1337.0,930.0,1340.0,1019.0,1184.0,979.0,1002.0,1018.0,1980.0,1035.0,1205.0,1178.0,2034.0,1021.0,1187.0,1058.0,1306.0,1073.0,1087.0,1111.0,2304.0,1210.0,1055.0,1170.0,862.0,1018.0,1063.0,789.0,1534.0,841.0,1517.0,1382.0,928.0,1266.0,1087.0,773.0,1260.0,1376.0,999.0,804.0,1186.0,1146.0,1055.0,1176.0,1052.0,1165.0,627.0,1012.0,797.0,1038.0,1171.0,1065.0,949.0,1139.0,1269.0,1363.0,1484.0,1811.0,1462.0,1129.0
2016-06,1513.0,2537.0,2208.0,1656.0,1386.0,1455.0,1411.0,1988.0,1776.0,1294.0,2311.0,2905.0,1099.0,1638.0,1162.0,1658.0,1378.0,2006.0,1015.0,1306.0,1597.0,1573.0,1037.0,1469.0,1277.0,1458.0,1203.0,1351.0,1049.0,1010.0,1061.0,1164.0,1116.0,1080.0,2834.0,1430.0,1250.0,1413.0,1383.0,1029.0,1184.0,1167.0,997.0,899.0,1271.0,1151.0,1337.0,933.0,1344.0,1020.0,1189.0,980.0,1009.0,1021.0,1983.0,1036.0,1210.0,1183.0,2037.0,1023.0,1191.0,1061.0,1309.0,1076.0,1090.0,1114.0,2314.0,1212.0,1056.0,1175.0,865.0,1021.0,1066.0,791.0,1538.0,842.0,1528.0,1387.0,930.0,1274.0,1089.0,773.0,1263.0,1382.0,1005.0,807.0,1189.0,1151.0,1061.0,1182.0,1054.0,1166.0,629.0,1014.0,799.0,1040.0,1179.0,1070.0,954.0,1144.0,1274.0,1369.0,1487.0,1813.0,1466.0,1136.0
2016-07,1517.0,2541.0,2219.0,1659.0,1392.0,1459.0,1411.0,1991.0,1780.0,1301.0,2319.0,2912.0,1102.0,1644.0,1168.0,1669.0,1383.0,2015.0,1017.0,1312.0,1597.0,1577.0,1038.0,1475.0,1283.0,1468.0,1206.0,1356.0,1052.0,1010.0,1065.0,1168.0,1118.0,1082.0,2837.0,1433.0,1251.0,1419.0,1388.0,1031.0,1187.0,1169.0,996.0,902.0,1273.0,1153.0,1338.0,936.0,1348.0,1021.0,1194.0,982.0,1016.0,1024.0,1986.0,1037.0,1214.0,1189.0,2040.0,1025.0,1195.0,1064.0,1312.0,1079.0,1094.0,1116.0,2324.0,1215.0,1057.0,1179.0,867.0,1023.0,1070.0,792.0,1543.0,844.0,1538.0,1392.0,932.0,1281.0,1091.0,773.0,1266.0,1388.0,1011.0,809.0,1191.0,1156.0,1067.0,1188.0,1056.0,1167.0,631.0,1016.0,802.0,1042.0,1187.0,1075.0,958.0,1149.0,1280.0,1376.0,1490.0,1816.0,1469.0,1143.0
2016-08,1521.0,2545.0,2229.0,1662.0,1397.0,1462.0,1410.0,1993.0,1783.0,1307.0,2326.0,2916.0,1104.0,1652.0,1173.0,1679.0,1389.0,2024.0,1019.0,1317.0,1597.0,1581.0,1039.0,1481.0,1287.0,1477.0,1209.0,1361.0,1055.0,1011.0,1068.0,1172.0,1121.0,1084.0,2839.0,1435.0,1252.0,1424.0,1394.0,1032.0,1190.0,1171.0,996.0,906.0,1275.0,1156.0,1338.0,940.0,1352.0,1022.0,1198.0,984.0,1022.0,1028.0,1988.0,1038.0,1218.0,1195.0,2043.0,1027.0,1198.0,1067.0,1314.0,1082.0,1098.0,1117.0,2334.0,1217.0,1058.0,1183.0,869.0,1025.0,1074.0,794.0,1547.0,845.0,1548.0,1397.0,935.0,1288.0,1093.0,774.0,1268.0,1392.0,1016.0,811.0,1194.0,1160.0,1073.0,1193.0,1058.0,1167.0,632.0,1018.0,805.0,1043.0,1195.0,1076.0,962.0,1154.0,1284.0,1381.0,1492.0,1818.0,1473.0,1150.0
2016-09,1525.0,2548.0,2239.0,1665.0,1402.0,1465.0,1410.0,1995.0,1786.0,1313.0,2333.0,2921.0,1107.0,1659.0,1178.0,1689.0,1394.0,2033.0,1021.0,1322.0,1597.0,1584.0,1040.0,1486.0,1292.0,1487.0,1212.0,1367.0,1059.0,1011.0,1071.0,1177.0,1124.0,1086.0,2841.0,1437.0,1254.0,1428.0,1400.0,1034.0,1193.0,1172.0,995.0,909.0,1277.0,1158.0,1338.0,943.0,1356.0,1023.0,1203.0,986.0,1029.0,1031.0,1990.0,1038.0,1222.0,1201.0,2047.0,1029.0,1202.0,1070.0,1317.0,1085.0,1102.0,1118.0,2345.0,1220.0,1058.0,1187.0,871.0,1028.0,1078.0,795.0,1552.0,846.0,1558.0,1402.0,938.0,1295.0,1095.0,773.0,1271.0,1397.0,1022.0,813.0,1196.0,1165.0,1080.0,1199.0,1059.0,1167.0,634.0,1019.0,807.0,1044.0,1202.0,1077.0,967.0,1159.0,1288.0,1387.0,1494.0,1821.0,1476.0,1157.0
2016-10,1529.0,2552.0,2249.0,1667.0,1408.0,1469.0,1409.0,1998.0,1788.0,1319.0,2340.0,2925.0,1110.0,1666.0,1184.0,1699.0,1399.0,2042.0,1023.0,1326.0,1597.0,1588.0,1041.0,1491.0,1296.0,1497.0,1215.0,1372.0,1062.0,1011.0,1074.0,1181.0,1127.0,1088.0,2843.0,1439.0,1255.0,1433.0,1405.0,1035.0,1196.0,1174.0,995.0,913.0,1279.0,1160.0,1338.0,947.0,1359.0,1024.0,1207.0,988.0,1035.0,1035.0,1993.0,1039.0,1226.0,1207.0,2050.0,1031.0,1205.0,1073.0,1319.0,1088.0,1106.0,1120.0,2355.0,1222.0,1059.0,1191.0,873.0,1030.0,1082.0,797.0,1556.0,847.0,1568.0,1406.0,941.0,1302.0,1098.0,773.0,1273.0,1402.0,1027.0,815.0,1198.0,1169.0,1086.0,1204.0,1061.0,1168.0,636.0,1021.0,810.0,1045.0,1210.0,1079.0,971.0,1164.0,1292.0,1393.0,1497.0,1823.0,1480.0,1164.0
2016-11,1533.0,2556.0,2258.0,1670.0,1412.0,1471.0,1408.0,2001.0,1791.0,1324.0,2346.0,2930.0,1113.0,1674.0,1189.0,1709.0,1404.0,2051.0,1024.0,1331.0,1598.0,1592.0,1042.0,1496.0,1301.0,1507.0,1218.0,1377.0,1066.0,1011.0,1077.0,1186.0,1130.0,1090.0,2847.0,1441.0,1256.0,1438.0,1411.0,1037.0,1200.0,1176.0,995.0,916.0,1281.0,1163.0,1339.0,950.0,1363.0,1025.0,1212.0,990.0,1040.0,1039.0,1995.0,1039.0,1231.0,1212.0,2053.0,1033.0,1209.0,1076.0,1321.0,1091.0,1109.0,1121.0,2365.0,1225.0,1059.0,1193.0,875.0,1032.0,1085.0,799.0,1559.0,849.0,1578.0,1411.0,944.0,1309.0,1100.0,773.0,1274.0,1405.0,1033.0,816.0,1200.0,1174.0,1093.0,1209.0,1063.0,1168.0,638.0,1023.0,812.0,1046.0,1217.0,1078.0,976.0,1168.0,1295.0,1398.0,1498.0,1825.0,1484.0,1170.0
2016-12,1538.0,2559.0,2268.0,1673.0,1417.0,1474.0,1408.0,2004.0,1793.0,1330.0,2353.0,2935.0,1117.0,1682.0,1193.0,1719.0,1409.0,2060.0,1026.0,1336.0,1599.0,1596.0,1043.0,1500.0,1306.0,1517.0,1221.0,1383.0,1069.0,1011.0,1080.0,1191.0,1134.0,1092.0,2850.0,1443.0,1258.0,1442.0,1417.0,1038.0,1203.0,1177.0,995.0,919.0,1283.0,1165.0,1340.0,953.0,1366.0,1026.0,1217.0,993.0,1046.0,1043.0,1996.0,1039.0,1236.0,1217.0,2055.0,1034.0,1213.0,1079.0,1323.0,1094.0,1113.0,1123.0,2374.0,1227.0,1059.0,1196.0,878.0,1035.0,1088.0,801.0,1562.0,850.0,1588.0,1415.0,947.0,1317.0,1103.0,774.0,1276.0,1409.0,1038.0,817.0,1202.0,1178.0,1099.0,1215.0,1065.0,1168.0,640.0,1025.0,814.0,1047.0,1224.0,1078.0,980.0,1173.0,1298.0,1404.0,1500.0,1828.0,1488.0,1176.0
2017-01,1542.0,2563.0,2278.0,1675.0,1422.0,1477.0,1407.0,2007.0,1795.0,1336.0,2359.0,2941.0,1120.0,1689.0,1198.0,1730.0,1414.0,2069.0,1028.0,1341.0,1599.0,1600.0,1044.0,1504.0,1310.0,1527.0,1224.0,1388.0,1073.0,1011.0,1083.0,1195.0,1137.0,1094.0,2853.0,1445.0,1259.0,1446.0,1423.0,1039.0,1207.0,1179.0,995.0,922.0,1285.0,1168.0,1340.0,956.0,1369.0,1027.0,1222.0,995.0,1052.0,1047.0,1998.0,1040.0,1241.0,1222.0,2058.0,1036.0,1216.0,1082.0,1325.0,1096.0,1116.0,1124.0,2383.0,1230.0,1059.0,1198.0,880.0,1037.0,1092.0,802.0,1565.0,851.0,1598.0,1419.0,949.0,1324.0,1106.0,774.0,1278.0,1412.0,1043.0,819.0,1204.0,1182.0,1105.0,1220.0,1067.0,1168.0,642.0,1027.0,816.0,1048.0,1231.0,1077.0,985.0,1178.0,1301.0,1409.0,1502.0,1830.0,1493.0,1183.0
2017-02,1545.0,2567.0,2287.0,1678.0,1426.0,1479.0,1407.0,2010.0,1798.0,1341.0,2365.0,2948.0,1123.0,1697.0,1203.0,1739.0,1419.0,2078.0,1029.0,1345.0,1600.0,1605.0,1045.0,1508.0,1315.0,1538.0,1227.0,1394.0,1076.0,1012.0,1086.0,1200.0,1140.0,1096.0,2857.0,1446.0,1261.0,1450.0,1429.0,1041.0,1211.0,1181.0,995.0,924.0,1287.0,1171.0,1341.0,958.0,1372.0,1029.0,1227.0,998.0,1057.0,1051.0,2000.0,1040.0,1246.0,1227.0,2060.0,1038.0,1219.0,1084.0,1327.0,1099.0,1119.0,1127.0,2391.0,1233.0,1059.0,1198.0,883.0,1039.0,1094.0,804.0,1567.0,852.0,1609.0,1423.0,952.0,1330.0,1109.0,774.0,1280.0,1416.0,1049.0,820.0,1206.0,1186.0,1109.0,1226.0,1069.0,1168.0,644.0,1029.0,818.0,1048.0,1237.0,1078.0,991.0,1182.0,1304.0,1415.0,1504.0,1834.0,1498.0,1188.0
2017-03,1549.0,2571.0,2296.0,1680.0,1430.0,1481.0,1408.0,2013.0,1800.0,1347.0,2371.0,2955.0,1126.0,1706.0,1207.0,1748.0,1424.0,2087.0,1031.0,1350.0,1601.0,1609.0,1047.0,1512.0,1319.0,1549.0,1229.0,1400.0,1080.0,1012.0,1089.0,1205.0,1144.0,1099.0,2862.0,1448.0,1263.0,1453.0,1435.0,1042.0,1215.0,1182.0,996.0,927.0,1289.0,1174.0,1343.0,961.0,1375.0,1031.0,1232.0,1000.0,1062.0,1055.0,2002.0,1040.0,1252.0,1231.0,2063.0,1039.0,1222.0,1087.0,1329.0,1101.0,1122.0,1129.0,2398.0,1236.0,1059.0,1198.0,886.0,1041.0,1097.0,805.0,1569.0,853.0,1619.0,1428.0,955.0,1337.0,1112.0,774.0,1282.0,1419.0,1054.0,821.0,1208.0,1189.0,1113.0,1232.0,1070.0,1168.0,645.0,1031.0,820.0,1049.0,1242.0,1079.0,996.0,1186.0,1306.0,1421.0,1506.0,1837.0,1503.0,1194.0
2017-04,1553.0,2574.0,2306.0,1683.0,1435.0,1483.0,1408.0,2016.0,1803.0,1352.0,2377.0,2962.0,1129.0,1714.0,1211.0,1757.0,1429.0,2095.0,1032.0,1354.0,1602.0,1613.0,1048.0,1515.0,1323.0,1559.0,1232.0,1406.0,1083.0,1013.0,1092.0,1211.0,1148.0,1101.0,2867.0,1449.0,1265.0,1457.0,1441.0,1043.0,1220.0,1183.0,997.0,930.0,1291.0,1177.0,1344.0,963.0,1378.0,1033.0,1237.0,1002.0,1067.0,1059.0,2003.0,1040.0,1257.0,1236.0,2065.0,1041.0,1225.0,1089.0,1331.0,1104.0,1125.0,1131.0,2406.0,1239.0,1059.0,1198.0,889.0,1043.0,1100.0,806.0,1571.0,854.0,1629.0,1432.0,958.0,1344.0,1115.0,775.0,1285.0,1423.0,1060.0,822.0,1210.0,1193.0,1118.0,1238.0,1072.0,1168.0,646.0,1034.0,822.0,1050.0,1248.0,1079.0,1002.0,1190.0,1308.0,1426.0,1509.0,1840.0,1509.0,1200.0
2017-05,1557.0,2577.0,2314.0,1685.0,1439.0,1485.0,1410.0,2018.0,1805.0,1358.0,2382.0,2970.0,1133.0,1722.0,1215.0,1764.0,1433.0,2104.0,1034.0,1359.0,1603.0,1618.0,1049.0,1519.0,1327.0,1570.0,1234.0,1412.0,1086.0,1014.0,1095.0,1216.0,1152.0,1104.0,2874.0,1450.0,1267.0,1460.0,1446.0,1044.0,1224.0,1185.0,998.0,932.0,1292.0,1180.0,1345.0,965.0,1380.0,1036.0,1242.0,1005.0,1071.0,1063.0,2005.0,1041.0,1263.0,1240.0,2067.0,1042.0,1226.0,1091.0,1333.0,1106.0,1129.0,1134.0,2414.0,1242.0,1059.0,1196.0,891.0,1045.0,1102.0,808.0,1572.0,855.0,1638.0,1436.0,960.0,1351.0,1118.0,775.0,1288.0,1427.0,1066.0,823.0,1213.0,1198.0,1120.0,1243.0,1072.0,1168.0,647.0,1036.0,825.0,1051.0,1254.0,1081.0,1008.0,1193.0,1310.0,1432.0,1512.0,1845.0,1515.0,1205.0
2017-06,1560.0,2580.0,2323.0,1688.0,1443.0,1487.0,1413.0,2019.0,1808.0,1364.0,2387.0,2977.0,1136.0,1730.0,1219.0,1771.0,1438.0,2112.0,1035.0,1364.0,1604.0,1623.0,1051.0,1522.0,1331.0,1580.0,1236.0,1418.0,1090.0,1016.0,1097.0,1222.0,1155.0,1107.0,2881.0,1450.0,1269.0,1463.0,1451.0,1045.0,1229.0,1187.0,999.0,934.0,1294.0,1183.0,1346.0,968.0,1383.0,1038.0,1246.0,1007.0,1075.0,1067.0,2008.0,1041.0,1268.0,1245.0,2069.0,1044.0,1227.0,1093.0,1335.0,1109.0,1132.0,1137.0,2421.0,1245.0,1059.0,1194.0,894.0,1047.0,1104.0,809.0,1574.0,856.0,1647.0,1441.0,962.0,1357.0,1121.0,776.0,1292.0,1431.0,1071.0,824.0,1215.0,1202.0,1123.0,1249.0,1073.0,1168.0,648.0,1039.0,827.0,1053.0,1259.0,1082.0,1013.0,1197.0,1312.0,1438.0,1515.0,1849.0,1521.0,1209.0
2017-07,1564.0,2583.0,2332.0,1690.0,1447.0,1489.0,1415.0,2021.0,1811.0,1369.0,2392.0,2985.0,1139.0,1738.0,1223.0,1779.0,1443.0,2121.0,1037.0,1369.0,1605.0,1628.0,1052.0,1525.0,1335.0,1590.0,1238.0,1425.0,1093.0,1018.0,1100.0,1227.0,1159.0,1110.0,2888.0,1451.0,1271.0,1466.0,1456.0,1047.0,1234.0,1188.0,1001.0,936.0,1296.0,1187.0,1348.0,970.0,1386.0,1040.0,1251.0,1010.0,1080.0,1071.0,2010.0,1042.0,1274.0,1249.0,2071.0,1046.0,1227.0,1096.0,1337.0,1112.0,1135.0,1140.0,2429.0,1249.0,1059.0,1193.0,897.0,1050.0,1106.0,811.0,1576.0,857.0,1657.0,1445.0,964.0,1364.0,1124.0,776.0,1295.0,1436.0,1077.0,825.0,1217.0,1206.0,1126.0,1254.0,1074.0,1168.0,649.0,1041.0,829.0,1054.0,1265.0,1084.0,1019.0,1201.0,1313.0,1444.0,1518.0,1854.0,1528.0,1214.0
2017-08,1568.0,2585.0,2340.0,1692.0,1451.0,1491.0,1419.0,2023.0,1814.0,1375.0,2397.0,2992.0,1143.0,1746.0,1228.0,1784.0,1447.0,2129.0,1038.0,1374.0,1606.0,1632.0,1054.0,1527.0,1339.0,1599.0,1240.0,1432.0,1096.0,1019.0,1103.0,1233.0,1164.0,1114.0,2897.0,1452.0,1273.0,1469.0,1461.0,1048.0,1239.0,1191.0,1002.0,938.0,1298.0,1191.0,1349.0,972.0,1389.0,1043.0,1257.0,1013.0,1084.0,1075.0,2012.0,1043.0,1279.0,1254.0,2073.0,1048.0,1228.0,1098.0,1339.0,1115.0,1139.0,1143.0,2437.0,1252.0,1059.0,1191.0,900.0,1052.0,1108.0,812.0,1579.0,858.0,1665.0,1449.0,966.0,1371.0,1127.0,777.0,1299.0,1440.0,1083.0,827.0,1219.0,1211.0,1130.0,1261.0,1074.0,1169.0,649.0,1044.0,831.0,1056.0,1272.0,1088.0,1025.0,1206.0,1316.0,1450.0,1521.0,1859.0,1534.0,1219.0
2017-09,1572.0,2587.0,2348.0,1695.0,1455.0,1493.0,1423.0,2024.0,1817.0,1381.0,2403.0,3000.0,1146.0,1754.0,1233.0,1790.0,1452.0,2137.0,1040.0,1380.0,1607.0,1637.0,1056.0,1530.0,1343.0,1608.0,1243.0,1439.0,1099.0,1021.0,1106.0,1240.0,1168.0,1117.0,2905.0,1453.0,1275.0,1471.0,1466.0,1050.0,1244.0,1193.0,1003.0,940.0,1300.0,1195.0,1350.0,974.0,1391.0,1045.0,1262.0,1015.0,1088.0,1080.0,2015.0,1044.0,1284.0,1259.0,2075.0,1050.0,1229.0,1100.0,1342.0,1118.0,1142.0,1146.0,2446.0,1255.0,1059.0,1189.0,902.0,1055.0,1109.0,814.0,1582.0,859.0,1674.0,1452.0,967.0,1378.0,1130.0,778.0,1303.0,1444.0,1089.0,829.0,1221.0,1217.0,1135.0,1267.0,1074.0,1170.0,650.0,1047.0,832.0,1057.0,1279.0,1091.0,1031.0,1210.0,1318.0,1457.0,1525.0,1864.0,1541.0,1223.0
2017-10,1576.0,2589.0,2356.0,1697.0,1459.0,1496.0,1427.0,2026.0,1820.0,1387.0,2408.0,3007.0,1150.0,1763.0,1238.0,1795.0,1457.0,2145.0,1042.0,1385.0,1608.0,1642.0,1057.0,1533.0,1347.0,1617.0,1245.0,1446.0,1102.0,1023.0,1108.0,1246.0,1172.0,1121.0,2914.0,1454.0,1276.0,1474.0,1471.0,1051.0,1249.0,1195.0,1005.0,942.0,1302.0,1199.0,1352.0,976.0,1394.0,1048.0,1267.0,1018.0,1092.0,1084.0,2017.0,1045.0,1290.0,1264.0,2077.0,1053.0,1231.0,1102.0,1344.0,1121.0,1145.0,1149.0,2454.0,1258.0,1059.0,1187.0,905.0,1058.0,1111.0,815.0,1585.0,859.0,1682.0,1456.0,969.0,1384.0,1133.0,778.0,1307.0,1449.0,1095.0,831.0,1222.0,1222.0,1139.0,1273.0,1075.0,1172.0,651.0,1050.0,834.0,1059.0,1286.0,1095.0,1036.0,1214.0,1321.0,1464.0,1528.0,1868.0,1548.0,1228.0
2017-11,1581.0,2592.0,2364.0,1700.0,1463.0,1499.0,1431.0,2028.0,1824.0,1393.0,2413.0,3015.0,1153.0,1771.0,1244.0,1800.0,1461.0,2153.0,1044.0,1391.0,1610.0,1647.0,1059.0,1536.0,1352.0,1625.0,1248.0,1454.0,1105.0,1025.0,1111.0,1253.0,1176.0,1124.0,2924.0,1456.0,1278.0,1477.0,1476.0,1053.0,1254.0,1199.0,1006.0,944.0,1304.0,1203.0,1353.0,979.0,1397.0,1050.0,1273.0,1021.0,1096.0,1088.0,2019.0,1046.0,1295.0,1270.0,2080.0,1055.0,1233.0,1104.0,1347.0,1124.0,1149.0,1153.0,2462.0,1261.0,1060.0,1187.0,908.0,1061.0,1114.0,817.0,1591.0,860.0,1690.0,1460.0,971.0,1390.0,1136.0,779.0,1310.0,1453.0,1102.0,833.0,1224.0,1228.0,1145.0,1280.0,1076.0,1172.0,652.0,1052.0,835.0,1061.0,1294.0,1100.0,1042.0,1219.0,1324.0,1471.0,1532.0,1873.0,1555.0,1232.0
2017-12,1585.0,2595.0,2372.0,1702.0,1467.0,1502.0,1436.0,2030.0,1828.0,1399.0,2419.0,3022.0,1157.0,1780.0,1250.0,1804.0,1466.0,2161.0,1046.0,1397.0,1611.0,1651.0,1061.0,1539.0,1356.0,1633.0,1250.0,1462.0,1108.0,1026.0,1114.0,1259.0,1181.0,1127.0,2935.0,1458.0,1280.0,1480.0,1481.0,1054.0,1259.0,1202.0,1008.0,946.0,1306.0,1207.0,1355.0,982.0,1400.0,1053.0,1279.0,1024.0,1100.0,1093.0,2022.0,1048.0,1300.0,1276.0,2083.0,1058.0,1236.0,1106.0,1349.0,1128.0,1152.0,1156.0,2471.0,1265.0,1061.0,1186.0,911.0,1064.0,1116.0,818.0,1596.0,860.0,1697.0,1464.0,974.0,1397.0,1140.0,780.0,1313.0,1457.0,1109.0,835.0,1226.0,1235.0,1151.0,1286.0,1077.0,1173.0,653.0,1055.0,837.0,1063.0,1303.0,1105.0,1048.0,1223.0,1328.0,1479.0,1537.0,1879.0,1561.0,1236.0
2018-01,1589.0,2598.0,2380.0,1705.0,1470.0,1505.0,1440.0,2032.0,1832.0,1405.0,2424.0,3030.0,1160.0,1788.0,1256.0,1809.0,1471.0,2170.0,1048.0,1403.0,1612.0,1656.0,1064.0,1542.0,1360.0,1641.0,1253.0,1469.0,1112.0,1028.0,1117.0,1266.0,1185.0,1130.0,2945.0,1461.0,1282.0,1483.0,1486.0,1056.0,1264.0,1205.0,1009.0,948.0,1308.0,1211.0,1356.0,985.0,1404.0,1055.0,1285.0,1027.0,1104.0,1098.0,2024.0,1049.0,1306.0,1281.0,2087.0,1060.0,1239.0,1108.0,1352.0,1132.0,1156.0,1159.0,2480.0,1269.0,1062.0,1186.0,914.0,1067.0,1119.0,819.0,1601.0,861.0,1705.0,1467.0,976.0,1403.0,1143.0,781.0,1317.0,1461.0,1116.0,837.0,1227.0,1241.0,1158.0,1293.0,1078.0,1174.0,654.0,1057.0,839.0,1065.0,1311.0,1110.0,1054.0,1228.0,1331.0,1486.0,1541.0,1884.0,1568.0,1240.0
2018-02,1594.0,2601.0,2388.0,1708.0,1474.0,1509.0,1444.0,2036.0,1836.0,1412.0,2430.0,3038.0,1164.0,1797.0,1263.0,1814.0,1476.0,2178.0,1050.0,1409.0,1613.0,1661.0,1066.0,1545.0,1365.0,1648.0,1256.0,1476.0,1115.0,1031.0,1120.0,1274.0,1189.0,1134.0,2957.0,1465.0,1284.0,1486.0,1491.0,1058.0,1269.0,1209.0,1011.0,951.0,1311.0,1215.0,1358.0,988.0,1407.0,1057.0,1290.0,1030.0,1108.0,1103.0,2027.0,1050.0,1312.0,1288.0,2091.0,1063.0,1243.0,1110.0,1355.0,1136.0,1161.0,1163.0,2490.0,1272.0,1063.0,1186.0,917.0,1070.0,1121.0,820.0,1607.0,862.0,1712.0,1471.0,978.0,1408.0,1146.0,782.0,1320.0,1466.0,1123.0,838.0,1229.0,1248.0,1165.0,1298.0,1080.0,1174.0,655.0,1060.0,840.0,1068.0,1321.0,1115.0,1060.0,1232.0,1334.0,1495.0,1545.0,1890.0,1574.0,1245.0
2018-03,1599.0,2605.0,2397.0,1710.0,1478.0,1512.0,1448.0,2040.0,1840.0,1418.0,2436.0,3046.0,1167.0,1806.0,1271.0,1818.0,1480.0,2187.0,1052.0,1415.0,1615.0,1667.0,1070.0,1549.0,1370.0,1655.0,1259.0,1484.0,1119.0,1033.0,1123.0,1281.0,1194.0,1137.0,2968.0,1470.0,1286.0,1490.0,1495.0,1059.0,1274.0,1212.0,1012.0,953.0,1314.0,1219.0,1359.0,991.0,1411.0,1059.0,1295.0,1033.0,1112.0,1108.0,2030.0,1052.0,1317.0,1295.0,2095.0,1066.0,1248.0,1113.0,1358.0,1140.0,1166.0,1167.0,2500.0,1275.0,1065.0,1187.0,919.0,1074.0,1124.0,821.0,1613.0,863.0,1719.0,1474.0,980.0,1413.0,1149.0,783.0,1323.0,1470.0,1131.0,840.0,1231.0,1255.0,1171.0,1304.0,1081.0,1174.0,657.0,1062.0,842.0,1071.0,1330.0,1120.0,1065.0,1237.0,1338.0,1503.0,1550.0,1895.0,1580.0,1249.0
2018-04,1604.0,2608.0,2405.0,1713.0,1481.0,1516.0,1452.0,2043.0,1845.0,1425.0,2442.0,3055.0,1171.0,1814.0,1278.0,1823.0,1485.0,2196.0,1054.0,1421.0,1616.0,1672.0,1073.0,1553.0,1375.0,1663.0,1262.0,1491.0,1123.0,1035.0,1125.0,1288.0,1198.0,1140.0,2980.0,1474.0,1288.0,1493.0,1500.0,1061.0,1279.0,1216.0,1014.0,955.0,1316.0,1223.0,1360.0,994.0,1415.0,1061.0,1300.0,1037.0,1116.0,1113.0,2033.0,1053.0,1323.0,1302.0,2099.0,1069.0,1252.0,1115.0,1361.0,1144.0,1170.0,1171.0,2509.0,1279.0,1066.0,1187.0,922.0,1078.0,1126.0,822.0,1619.0,863.0,1726.0,1478.0,983.0,1419.0,1153.0,784.0,1326.0,1474.0,1139.0,841.0,1233.0,1262.0,1178.0,1309.0,1083.0,1175.0,660.0,1064.0,844.0,1074.0,1340.0,1124.0,1071.0,1241.0,1342.0,1512.0,1555.0,1901.0,1586.0,1253.0
2018-05,1609.0,2612.0,2414.0,1716.0,1485.0,1521.0,1454.0,2048.0,1849.0,1432.0,2449.0,3064.0,1174.0,1823.0,1286.0,1829.0,1490.0,2205.0,1057.0,1426.0,1618.0,1678.0,1077.0,1557.0,1381.0,1670.0,1266.0,1498.0,1127.0,1038.0,1128.0,1296.0,1202.0,1143.0,2991.0,1480.0,1291.0,1497.0,1503.0,1063.0,1284.0,1220.0,1016.0,958.0,1320.0,1227.0,1362.0,997.0,1419.0,1064.0,1306.0,1039.0,1120.0,1119.0,2036.0,1054.0,1330.0,1309.0,2104.0,1072.0,1257.0,1118.0,1365.0,1148.0,1176.0,1175.0,2519.0,1282.0,1068.0,1187.0,925.0,1081.0,1130.0,823.0,1625.0,865.0,1733.0,1481.0,984.0,1424.0,1157.0,785.0,1328.0,1478.0,1147.0,843.0,1236.0,1269.0,1186.0,1315.0,1084.0,1175.0,662.0,1066.0,846.0,1079.0,1349.0,1129.0,1076.0,1246.0,1346.0,1520.0,1559.0,1906.0,1592.0,1260.0
2018-06,1614.0,2617.0,2423.0,1719.0,1489.0,1525.0,1456.0,2053.0,1854.0,1439.0,2455.0,3073.0,1178.0,1831.0,1295.0,1834.0,1495.0,2213.0,1059.0,1432.0,1621.0,1684.0,1080.0,1562.0,1387.0,1677.0,1269.0,1505.0,1131.0,1041.0,1131.0,1304.0,1207.0,1146.0,3002.0,1486.0,1293.0,1501.0,1507.0,1065.0,1288.0,1223.0,1018.0,960.0,1323.0,1230.0,1363.0,1000.0,1423.0,1067.0,1311.0,1042.0,1124.0,1125.0,2039.0,1056.0,1337.0,1315.0,2109.0,1074.0,1262.0,1122.0,1368.0,1153.0,1182.0,1179.0,2529.0,1285.0,1070.0,1187.0,928.0,1085.0,1133.0,824.0,1631.0,866.0,1740.0,1483.0,984.0,1429.0,1161.0,786.0,1330.0,1481.0,1154.0,844.0,1238.0,1276.0,1194.0,1320.0,1086.0,1176.0,664.0,1069.0,848.0,1083.0,1358.0,1134.0,1082.0,1251.0,1350.0,1529.0,1564.0,1911.0,1598.0,1268.0
2018-07,1619.0,2621.0,2432.0,1722.0,1493.0,1530.0,1458.0,2057.0,1859.0,1447.0,2461.0,3083.0,1182.0,1840.0,1303.0,1840.0,1500.0,2222.0,1061.0,1437.0,1623.0,1690.0,1084.0,1566.0,1393.0,1685.0,1272.0,1511.0,1136.0,1044.0,1133.0,1311.0,1211.0,1150.0,3012.0,1492.0,1296.0,1505.0,1511.0,1067.0,1293.0,1227.0,1021.0,963.0,1327.0,1234.0,1365.0,1003.0,1427.0,1070.0,1317.0,1044.0,1129.0,1131.0,2043.0,1057.0,1343.0,1322.0,2114.0,1077.0,1266.0,1125.0,1372.0,1158.0,1187.0,1184.0,2538.0,1289.0,1072.0,1187.0,930.0,1088.0,1136.0,825.0,1636.0,867.0,1747.0,1486.0,985.0,1434.0,1165.0,787.0,1332.0,1485.0,1162.0,845.0,1240.0,1283.0,1201.0,1326.0,1088.0,1177.0,667.0,1071.0,850.0,1087.0,1367.0,1139.0,1087.0,1256.0,1354.0,1538.0,1569.0,1916.0,1604.0,1275.0
2018-08,1624.0,2626.0,2440.0,1725.0,1498.0,1534.0,1459.0,2062.0,1863.0,1454.0,2468.0,3092.0,1185.0,1848.0,1311.0,1846.0,1505.0,2229.0,1063.0,1443.0,1625.0,1696.0,1088.0,1571.0,1399.0,1693.0,1276.0,1517.0,1141.0,1047.0,1136.0,1319.0,1215.0,1153.0,3022.0,1498.0,1298.0,1510.0,1515.0,1070.0,1297.0,1231.0,1024.0,965.0,1330.0,1238.0,1367.0,1006.0,1431.0,1074.0,1322.0,1047.0,1133.0,1137.0,2046.0,1059.0,1350.0,1328.0,2119.0,1080.0,1269.0,1128.0,1375.0,1163.0,1194.0,1187.0,2546.0,1292.0,1073.0,1188.0,932.0,1092.0,1140.0,826.0,1640.0,869.0,1755.0,1489.0,986.0,1440.0,1170.0,788.0,1334.0,1489.0,1170.0,847.0,1244.0,1289.0,1208.0,1331.0,1089.0,1177.0,670.0,1073.0,852.0,1092.0,1374.0,1144.0,1093.0,1260.0,1359.0,1545.0,1574.0,1921.0,1611.0,1284.0
2018-09,1629.0,2631.0,2448.0,1728.0,1502.0,1539.0,1461.0,2068.0,1867.0,1462.0,2474.0,3102.0,1188.0,1856.0,1320.0,1851.0,1510.0,2236.0,1065.0,1448.0,1628.0,1702.0,1091.0,1575.0,1405.0,1701.0,1279.0,1523.0,1145.0,1050.0,1138.0,1327.0,1219.0,1156.0,3032.0,1504.0,1301.0,1514.0,1520.0,1072.0,1302.0,1234.0,1026.0,968.0,1334.0,1242.0,1369.0,1009.0,1436.0,1078.0,1328.0,1049.0,1138.0,1143.0,2050.0,1060.0,1358.0,1334.0,2124.0,1083.0,1272.0,1131.0,1379.0,1168.0,1200.0,1191.0,2554.0,1296.0,1075.0,1188.0,936.0,1096.0,1144.0,827.0,1645.0,870.0,1762.0,1492.0,986.0,1446.0,1175.0,788.0,1336.0,1492.0,1178.0,848.0,1247.0,1296.0,1215.0,1337.0,1090.0,1178.0,672.0,1076.0,855.0,1096.0,1380.0,1148.0,1098.0,1265.0,1364.0,1552.0,1579.0,1926.0,1617.0,1293.0
2018-10,1634.0,2636.0,2456.0,1732.0,1506.0,1543.0,1462.0,2073.0,1871.0,1469.0,2480.0,3111.0,1192.0,1864.0,1328.0,1857.0,1514.0,2244.0,1067.0,1453.0,1631.0,1707.0,1093.0,1580.0,1411.0,1709.0,1282.0,1529.0,1150.0,1053.0,1141.0,1334.0,1223.0,1160.0,3042.0,1510.0,1304.0,1518.0,1524.0,1074.0,1306.0,1238.0,1029.0,970.0,1337.0,1245.0,1371.0,1013.0,1440.0,1082.0,1333.0,1051.0,1143.0,1149.0,2053.0,1062.0,1365.0,1341.0,2129.0,1087.0,1275.0,1134.0,1382.0,1173.0,1206.0,1195.0,2562.0,1300.0,1077.0,1188.0,939.0,1099.0,1148.0,828.0,1649.0,872.0,1770.0,1494.0,987.0,1451.0,1180.0,789.0,1337.0,1496.0,1186.0,850.0,1250.0,1302.0,1222.0,1343.0,1091.0,1179.0,675.0,1078.0,858.0,1101.0,1387.0,1153.0,1103.0,1269.0,1369.0,1559.0,1584.0,1931.0,1624.0,1301.0
2018-11,1639.0,2642.0,2464.0,1735.0,1511.0,1548.0,1463.0,2078.0,1875.0,1476.0,2487.0,3120.0,1195.0,1871.0,1337.0,1864.0,1520.0,2250.0,1070.0,1458.0,1634.0,1713.0,1096.0,1585.0,1417.0,1716.0,1286.0,1534.0,1156.0,1055.0,1143.0,1342.0,1227.0,1164.0,3050.0,1515.0,1307.0,1523.0,1528.0,1076.0,1311.0,1242.0,1033.0,973.0,1340.0,1249.0,1373.0,1015.0,1446.0,1085.0,1338.0,1054.0,1147.0,1155.0,2057.0,1064.0,1371.0,1346.0,2133.0,1090.0,1277.0,1137.0,1386.0,1178.0,1211.0,1199.0,2569.0,1304.0,1079.0,1188.0,942.0,1103.0,1152.0,829.0,1653.0,874.0,1778.0,1497.0,988.0,1457.0,1185.0,790.0,1341.0,1501.0,1193.0,852.0,1253.0,1308.0,1227.0,1347.0,1092.0,1180.0,677.0,1081.0,860.0,1105.0,1392.0,1156.0,1108.0,1273.0,1375.0,1563.0,1589.0,1936.0,1629.0,1309.0
2018-12,1644.0,2647.0,2472.0,1739.0,1515.0,1552.0,1465.0,2083.0,1879.0,1483.0,2493.0,3128.0,1199.0,1879.0,1345.0,1871.0,1525.0,2256.0,1072.0,1463.0,1638.0,1718.0,1099.0,1590.0,1423.0,1724.0,1289.0,1539.0,1161.0,1058.0,1146.0,1349.0,1230.0,1168.0,3058.0,1521.0,1310.0,1528.0,1533.0,1079.0,1315.0,1246.0,1036.0,975.0,1343.0,1253.0,1376.0,1018.0,1451.0,1089.0,1343.0,1056.0,1152.0,1161.0,2060.0,1067.0,1378.0,1351.0,2137.0,1094.0,1279.0,1140.0,1389.0,1183.0,1216.0,1202.0,2576.0,1308.0,1081.0,1188.0,945.0,1107.0,1157.0,830.0,1656.0,876.0,1786.0,1501.0,989.0,1464.0,1190.0,791.0,1344.0,1505.0,1201.0,853.0,1256.0,1313.0,1233.0,1352.0,1092.0,1182.0,679.0,1084.0,863.0,1108.0,1397.0,1160.0,1113.0,1277.0,1380.0,1568.0,1594.0,1941.0,1635.0,1318.0
2019-01,1649.0,2653.0,2480.0,1742.0,1520.0,1556.0,1466.0,2087.0,1883.0,1490.0,2500.0,3137.0,1202.0,1886.0,1354.0,1877.0,1530.0,2262.0,1075.0,1468.0,1641.0,1724.0,1102.0,1594.0,1429.0,1732.0,1293.0,1545.0,1167.0,1061.0,1149.0,1357.0,1234.0,1172.0,3066.0,1527.0,1313.0,1533.0,1538.0,1081.0,1319.0,1249.0,1040.0,978.0,1345.0,1256.0,1378.0,1021.0,1456.0,1093.0,1348.0,1058.0,1157.0,1167.0,2064.0,1069.0,1385.0,1357.0,2142.0,1097.0,1281.0,1144.0,1392.0,1189.0,1221.0,1206.0,2582.0,1313.0,1083.0,1188.0,949.0,1111.0,1161.0,832.0,1660.0,878.0,1794.0,1504.0,991.0,1470.0,1195.0,792.0,1348.0,1509.0,1208.0,855.0,1259.0,1318.0,1238.0,1357.0,1092.0,1183.0,681.0,1087.0,866.0,1112.0,1401.0,1164.0,1118.0,1281.0,1385.0,1573.0,1598.0,1946.0,1640.0,1326.0
2019-02,1654.0,2659.0,2487.0,1746.0,1524.0,1560.0,1468.0,2092.0,1886.0,1496.0,2506.0,3145.0,1205.0,1893.0,1362.0,1884.0,1535.0,2268.0,1078.0,1473.0,1644.0,1729.0,1104.0,1599.0,1434.0,1739.0,1297.0,1550.0,1172.0,1063.0,1152.0,1364.0,1238.0,1176.0,3072.0,1532.0,1317.0,1538.0,1542.0,1083.0,1323.0,1253.0,1043.0,980.0,1348.0,1260.0,1381.0,1024.0,1461.0,1096.0,1352.0,1060.0,1161.0,1173.0,2067.0,1072.0,1391.0,1362.0,2146.0,1101.0,1282.0,1147.0,1394.0,1194.0,1225.0,1210.0,2587.0,1317.0,1085.0,1188.0,952.0,1115.0,1166.0,834.0,1664.0,880.0,1802.0,1507.0,994.0,1476.0,1200.0,793.0,1351.0,1513.0,1215.0,857.0,1262.0,1323.0,1243.0,1362.0,1093.0,1185.0,682.0,1091.0,869.0,1116.0,1405.0,1167.0,1123.0,1286.0,1391.0,1577.0,1602.0,1950.0,1645.0,1334.0
2019-03,1659.0,2665.0,2494.0,1750.0,1529.0,1565.0,1470.0,2096.0,1890.0,1502.0,2513.0,3152.0,1208.0,1900.0,1371.0,1891.0,1539.0,2273.0,1081.0,1479.0,1647.0,1734.0,1107.0,1603.0,1440.0,1747.0,1301.0,1555.0,1177.0,1065.0,1154.0,1371.0,1241.0,1181.0,3078.0,1537.0,1320.0,1544.0,1547.0,1086.0,1327.0,1257.0,1046.0,982.0,1350.0,1264.0,1383.0,1026.0,1467.0,1100.0,1357.0,1062.0,1165.0,1179.0,2071.0,1075.0,1398.0,1368.0,2150.0,1106.0,1284.0,1150.0,1397.0,1199.0,1229.0,1213.0,2592.0,1322.0,1088.0,1188.0,956.0,1119.0,1171.0,836.0,1668.0,881.0,1810.0,1510.0,998.0,1483.0,1205.0,794.0,1355.0,1517.0,1221.0,860.0,1264.0,1327.0,1248.0,1366.0,1094.0,1186.0,683.0,1095.0,872.0,1119.0,1409.0,1170.0,1127.0,1290.0,1396.0,1581.0,1607.0,1955.0,1650.0,1342.0
2019-04,1664.0,2670.0,2501.0,1754.0,1533.0,1569.0,1472.0,2101.0,1893.0,1509.0,2520.0,3160.0,1212.0,1908.0,1380.0,1898.0,1544.0,2279.0,1084.0,1484.0,1649.0,1739.0,1110.0,1608.0,1445.0,1754.0,1304.0,1560.0,1182.0,1067.0,1157.0,1378.0,1245.0,1185.0,3084.0,1543.0,1323.0,1549.0,1552.0,1088.0,1331.0,1260.0,1049.0,984.0,1352.0,1267.0,1386.0,1028.0,1472.0,1103.0,1361.0,1064.0,1170.0,1184.0,2074.0,1077.0,1404.0,1373.0,2155.0,1110.0,1285.0,1153.0,1399.0,1204.0,1233.0,1217.0,2597.0,1326.0,1091.0,1188.0,960.0,1122.0,1176.0,838.0,1672.0,883.0,1817.0,1514.0,1001.0,1490.0,1210.0,796.0,1359.0,1521.0,1227.0,862.0,1266.0,1332.0,1254.0,1371.0,1095.0,1188.0,684.0,1099.0,875.0,1122.0,1413.0,1174.0,1132.0,1294.0,1402.0,1585.0,1611.0,1959.0,1655.0,1350.0
2019-05,1669.0,2676.0,2507.0,1758.0,1537.0,1573.0,1474.0,2105.0,1897.0,1514.0,2526.0,3167.0,1215.0,1915.0,1389.0,1906.0,1549.0,2285.0,1087.0,1489.0,1652.0,1743.0,1113.0,1612.0,1451.0,1761.0,1308.0,1564.0,1187.0,1068.0,1161.0,1384.0,1249.0,1189.0,3090.0,1548.0,1326.0,1556.0,1558.0,1090.0,1335.0,1264.0,1051.0,986.0,1354.0,1271.0,1390.0,1031.0,1478.0,1106.0,1366.0,1065.0,1174.0,1190.0,2078.0,1081.0,1411.0,1380.0,2158.0,1115.0,1287.0,1157.0,1402.0,1210.0,1237.0,1221.0,2602.0,1331.0,1094.0,1188.0,963.0,1126.0,1180.0,841.0,1676.0,885.0,1827.0,1518.0,1006.0,1497.0,1215.0,798.0,1364.0,1525.0,1233.0,863.0,1269.0,1337.0,1259.0,1375.0,1098.0,1189.0,685.0,1103.0,878.0,1125.0,1418.0,1177.0,1136.0,1297.0,1407.0,1591.0,1615.0,1964.0,1659.0,1357.0
2019-06,1674.0,2682.0,2514.0,1763.0,1541.0,1577.0,1476.0,2109.0,1901.0,1519.0,2533.0,3173.0,1217.0,1923.0,1398.0,1914.0,1554.0,2291.0,1090.0,1495.0,1655.0,1748.0,1116.0,1617.0,1456.0,1768.0,1312.0,1569.0,1192.0,1070.0,1164.0,1390.0,1253.0,1194.0,3096.0,1554.0,1330.0,1562.0,1563.0,1092.0,1339.0,1268.0,1054.0,988.0,1356.0,1275.0,1393.0,1034.0,1483.0,1108.0,1370.0,1067.0,1179.0,1195.0,2081.0,1084.0,1418.0,1387.0,2162.0,1120.0,1288.0,1160.0,1405.0,1215.0,1241.0,1225.0,2607.0,1335.0,1097.0,1188.0,968.0,1130.0,1185.0,844.0,1680.0,887.0,1836.0,1523.0,1011.0,1504.0,1219.0,800.0,1368.0,1529.0,1239.0,864.0,1271.0,1342.0,1265.0,1380.0,1100.0,1191.0,685.0,1107.0,881.0,1128.0,1422.0,1180.0,1141.0,1300.0,1412.0,1596.0,1619.0,1970.0,1663.0,1364.0
2019-07,1679.0,2688.0,2521.0,1767.0,1546.0,1581.0,1478.0,2114.0,1905.0,1525.0,2540.0,3180.0,1220.0,1930.0,1407.0,1921.0,1559.0,2297.0,1093.0,1500.0,1657.0,1752.0,1119.0,1622.0,1462.0,1775.0,1316.0,1573.0,1197.0,1071.0,1167.0,1397.0,1257.0,1198.0,3102.0,1559.0,1333.0,1569.0,1568.0,1095.0,1342.0,1272.0,1056.0,990.0,1358.0,1279.0,1396.0,1037.0,1489.0,1111.0,1374.0,1068.0,1183.0,1201.0,2084.0,1087.0,1425.0,1394.0,2166.0,1125.0,1290.0,1163.0,1407.0,1220.0,1244.0,1228.0,2612.0,1340.0,1101.0,1187.0,972.0,1134.0,1189.0,847.0,1685.0,888.0,1845.0,1527.0,1015.0,1511.0,1224.0,802.0,1373.0,1533.0,1245.0,865.0,1274.0,1346.0,1270.0,1385.0,1102.0,1192.0,686.0,1111.0,884.0,1131.0,1426.0,1182.0,1145.0,1303.0,1417.0,1602.0,1623.0,1975.0,1667.0,1371.0
2019-08,1684.0,2694.0,2527.0,1770.0,1549.0,1585.0,1480.0,2117.0,1909.0,1529.0,2546.0,3186.0,1223.0,1938.0,1416.0,1930.0,1563.0,2303.0,1096.0,1506.0,1659.0,1756.0,1123.0,1626.0,1467.0,1781.0,1320.0,1577.0,1201.0,1073.0,1171.0,1402.0,1260.0,1202.0,3108.0,1563.0,1336.0,1575.0,1573.0,1097.0,1346.0,1277.0,1058.0,992.0,1360.0,1283.0,1400.0,1040.0,1493.0,1113.0,1378.0,1071.0,1187.0,1206.0,2087.0,1091.0,1431.0,1401.0,2170.0,1129.0,1293.0,1167.0,1411.0,1225.0,1248.0,1232.0,2617.0,1344.0,1105.0,1187.0,976.0,1137.0,1194.0,851.0,1689.0,890.0,1855.0,1532.0,1020.0,1518.0,1228.0,804.0,1378.0,1536.0,1250.0,866.0,1276.0,1351.0,1275.0,1389.0,1105.0,1195.0,687.0,1115.0,887.0,1133.0,1432.0,1186.0,1150.0,1306.0,1421.0,1609.0,1626.0,1979.0,1670.0,1376.0
2019-09,1688.0,2699.0,2533.0,1773.0,1553.0,1589.0,1482.0,2121.0,1913.0,1534.0,2552.0,3192.0,1225.0,1945.0,1425.0,1938.0,1568.0,2309.0,1100.0,1511.0,1661.0,1761.0,1126.0,1631.0,1472.0,1787.0,1323.0,1581.0,1206.0,1075.0,1174.0,1407.0,1264.0,1207.0,3114.0,1568.0,1339.0,1582.0,1578.0,1099.0,1349.0,1282.0,1060.0,994.0,1362.0,1286.0,1403.0,1043.0,1497.0,1116.0,1381.0,1073.0,1191.0,1211.0,2089.0,1095.0,1438.0,1408.0,2174.0,1134.0,1296.0,1171.0,1415.0,1230.0,1251.0,1236.0,2622.0,1347.0,1109.0,1187.0,980.0,1141.0,1198.0,854.0,1693.0,892.0,1865.0,1536.0,1025.0,1525.0,1232.0,806.0,1384.0,1539.0,1256.0,867.0,1279.0,1356.0,1280.0,1394.0,1107.0,1197.0,688.0,1118.0,890.0,1135.0,1438.0,1189.0,1155.0,1309.0,1424.0,1617.0,1628.0,1983.0,1673.0,1382.0
2019-10,1693.0,2704.0,2539.0,1777.0,1556.0,1593.0,1484.0,2124.0,1918.0,1539.0,2558.0,3197.0,1228.0,1952.0,1434.0,1946.0,1573.0,2315.0,1103.0,1516.0,1663.0,1765.0,1129.0,1635.0,1477.0,1793.0,1327.0,1585.0,1211.0,1077.0,1178.0,1412.0,1268.0,1211.0,3119.0,1573.0,1341.0,1588.0,1583.0,1101.0,1353.0,1287.0,1061.0,996.0,1365.0,1290.0,1406.0,1046.0,1502.0,1118.0,1385.0,1075.0,1195.0,1216.0,2092.0,1098.0,1444.0,1415.0,2179.0,1139.0,1299.0,1175.0,1419.0,1235.0,1255.0,1240.0,2627.0,1351.0,1113.0,1187.0,984.0,1145.0,1203.0,857.0,1697.0,894.0,1874.0,1540.0,1030.0,1531.0,1237.0,808.0,1389.0,1543.0,1261.0,867.0,1282.0,1361.0,1286.0,1398.0,1110.0,1200.0,690.0,1121.0,893.0,1138.0,1444.0,1192.0,1160.0,1311.0,1428.0,1624.0,1631.0,1988.0,1676.0,1387.0
2019-11,1695.0,2701.0,2541.0,1777.0,1558.0,1596.0,1485.0,2124.0,1920.0,1543.0,2558.0,3193.0,1231.0,1960.0,1440.0,1949.0,1575.0,2319.0,1106.0,1521.0,1664.0,1766.0,1132.0,1638.0,1479.0,1799.0,1329.0,1586.0,1215.0,1079.0,1182.0,1415.0,1272.0,1216.0,3116.0,1573.0,1344.0,1592.0,1588.0,1103.0,1356.0,1294.0,1063.0,998.0,1368.0,1294.0,1408.0,1050.0,1504.0,1121.0,1387.0,1078.0,1199.0,1221.0,2092.0,1102.0,1450.0,1421.0,2184.0,1142.0,1302.0,1180.0,1424.0,1240.0,1258.0,1242.0,2631.0,1354.0,1117.0,1188.0,987.0,1149.0,1207.0,860.0,1702.0,897.0,1883.0,1542.0,1036.0,1538.0,1240.0,810.0,1392.0,1546.0,1266.0,870.0,1284.0,1367.0,1290.0,1404.0,1112.0,1202.0,691.0,1124.0,896.0,1140.0,1450.0,1196.0,1166.0,1313.0,1429.0,1632.0,1634.0,1989.0,1678.0,1391.0
2019-12,1698.0,2698.0,2542.0,1778.0,1560.0,1598.0,1485.0,2124.0,1923.0,1547.0,2557.0,3189.0,1233.0,1967.0,1447.0,1953.0,1578.0,2323.0,1109.0,1526.0,1664.0,1767.0,1134.0,1640.0,1482.0,1805.0,1331.0,1588.0,1219.0,1081.0,1186.0,1418.0,1276.0,1220.0,3112.0,1574.0,1347.0,1596.0,1593.0,1105.0,1360.0,1301.0,1064.0,1001.0,1371.0,1297.0,1410.0,1054.0,1505.0,1125.0,1389.0,1081.0,1203.0,1226.0,2092.0,1105.0,1456.0,1427.0,2190.0,1146.0,1305.0,1185.0,1429.0,1246.0,1261.0,1243.0,2635.0,1358.0,1121.0,1190.0,991.0,1153.0,1211.0,863.0,1706.0,899.0,1891.0,1544.0,1041.0,1544.0,1244.0,812.0,1395.0,1550.0,1271.0,873.0,1286.0,1372.0,1295.0,1409.0,1114.0,1205.0,694.0,1129.0,899.0,1142.0,1456.0,1200.0,1172.0,1316.0,1430.0,1640.0,1636.0,1991.0,1680.0,1395.0
2020-01,1700.0,2694.0,2544.0,1778.0,1562.0,1600.0,1485.0,2124.0,1926.0,1551.0,2557.0,3185.0,1236.0,1975.0,1454.0,1956.0,1580.0,2326.0,1112.0,1530.0,1665.0,1769.0,1136.0,1642.0,1484.0,1811.0,1333.0,1590.0,1223.0,1083.0,1190.0,1421.0,1280.0,1225.0,3108.0,1575.0,1350.0,1600.0,1598.0,1107.0,1363.0,1308.0,1065.0,1004.0,1375.0,1300.0,1412.0,1058.0,1507.0,1128.0,1391.0,1084.0,1206.0,1231.0,2093.0,1109.0,1462.0,1433.0,2196.0,1150.0,1309.0,1190.0,1434.0,1252.0,1265.0,1245.0,2640.0,1361.0,1125.0,1191.0,995.0,1157.0,1215.0,866.0,1711.0,901.0,1899.0,1546.0,1047.0,1550.0,1248.0,815.0,1398.0,1553.0,1275.0,875.0,1289.0,1378.0,1300.0,1415.0,1116.0,1208.0,697.0,1133.0,902.0,1144.0,1462.0,1205.0,1177.0,1318.0,1431.0,1648.0,1638.0,1992.0,1682.0,1399.0
2020-02,1702.0,2686.0,2545.0,1777.0,1563.0,1602.0,1485.0,2122.0,1929.0,1555.0,2553.0,3176.0,1238.0,1983.0,1461.0,1958.0,1582.0,2330.0,1115.0,1535.0,1666.0,1769.0,1138.0,1645.0,1486.0,1817.0,1334.0,1592.0,1227.0,1086.0,1194.0,1425.0,1284.0,1230.0,3101.0,1574.0,1354.0,1603.0,1604.0,1110.0,1367.0,1316.0,1066.0,1007.0,1379.0,1304.0,1413.0,1062.0,1509.0,1131.0,1393.0,1087.0,1210.0,1237.0,2093.0,1112.0,1468.0,1438.0,2202.0,1154.0,1312.0,1195.0,1439.0,1259.0,1269.0,1247.0,2645.0,1366.0,1129.0,1194.0,999.0,1161.0,1219.0,870.0,1715.0,904.0,1907.0,1548.0,1053.0,1556.0,1252.0,817.0,1401.0,1557.0,1281.0,878.0,1291.0,1384.0,1304.0,1420.0,1119.0,1211.0,699.0,1138.0,905.0,1147.0,1468.0,1209.0,1184.0,1320.0,1432.0,1656.0,1641.0,1993.0,1685.0,1402.0
2020-03,1704.0,2678.0,2545.0,1776.0,1564.0,1604.0,1485.0,2120.0,1931.0,1559.0,2550.0,3167.0,1241.0,1992.0,1467.0,1959.0,1584.0,2333.0,1118.0,1540.0,1666.0,1769.0,1140.0,1647.0,1489.0,1823.0,1336.0,1593.0,1230.0,1089.0,1199.0,1428.0,1288.0,1236.0,3093.0,1574.0,1357.0,1606.0,1610.0,1112.0,1370.0,1324.0,1068.0,1010.0,1383.0,1307.0,1414.0,1066.0,1511.0,1135.0,1395.0,1091.0,1214.0,1242.0,2092.0,1116.0,1474.0,1444.0,2209.0,1157.0,1315.0,1200.0,1445.0,1266.0,1273.0,1249.0,2650.0,1370.0,1134.0,1196.0,1003.0,1165.0,1224.0,873.0,1720.0,907.0,1915.0,1551.0,1059.0,1563.0,1256.0,819.0,1404.0,1562.0,1286.0,882.0,1294.0,1390.0,1309.0,1426.0,1121.0,1213.0,702.0,1142.0,907.0,1150.0,1474.0,1214.0,1190.0,1322.0,1433.0,1664.0,1644.0,1995.0,1688.0,1406.0
2020-04,1706.0,2671.0,2546.0,1776.0,1566.0,1606.0,1485.0,2119.0,1933.0,1564.0,2546.0,3158.0,1244.0,2000.0,1474.0,1960.0,1586.0,2337.0,1121.0,1545.0,1667.0,1770.0,1142.0,1649.0,1491.0,1830.0,1338.0,1595.0,1234.0,1091.0,1203.0,1432.0,1293.0,1241.0,3085.0,1573.0,1361.0,1609.0,1616.0,1115.0,1374.0,1332.0,1069.0,1013.0,1387.0,1311.0,1416.0,1070.0,1513.0,1139.0,1398.0,1095.0,1218.0,1248.0,2092.0,1120.0,1480.0,1449.0,2216.0,1161.0,1318.0,1205.0,1450.0,1273.0,1277.0,1251.0,2655.0,1374.0,1138.0,1199.0,1008.0,1169.0,1228.0,876.0,1725.0,910.0,1924.0,1553.0,1064.0,1569.0,1261.0,822.0,1406.0,1566.0,1291.0,885.0,1296.0,1396.0,1314.0,1431.0,1123.0,1216.0,705.0,1147.0,910.0,1152.0,1480.0,1219.0,1197.0,1324.0,1433.0,1671.0,1646.0,1996.0,1690.0,1410.0
2020-05,1707.0,2662.0,2546.0,1775.0,1567.0,1608.0,1485.0,2117.0,1936.0,1568.0,2542.0,3148.0,1247.0,2009.0,1481.0,1961.0,1588.0,2340.0,1124.0,1550.0,1668.0,1770.0,1144.0,1651.0,1493.0,1836.0,1339.0,1596.0,1238.0,1094.0,1207.0,1435.0,1297.0,1246.0,3077.0,1572.0,1364.0,1612.0,1622.0,1117.0,1378.0,1340.0,1070.0,1016.0,1391.0,1314.0,1417.0,1074.0,1514.0,1142.0,1400.0,1099.0,1222.0,1253.0,2092.0,1123.0,1486.0,1455.0,2223.0,1165.0,1322.0,1211.0,1455.0,1280.0,1281.0,1252.0,2660.0,1378.0,1142.0,1201.0,1012.0,1173.0,1232.0,879.0,1729.0,913.0,1932.0,1555.0,1070.0,1575.0,1265.0,824.0,1409.0,1570.0,1296.0,889.0,1298.0,1402.0,1318.0,1437.0,1125.0,1219.0,708.0,1152.0,913.0,1154.0,1486.0,1224.0,1203.0,1326.0,1434.0,1679.0,1649.0,1997.0,1693.0,1413.0
2020-06,1709.0,2653.0,2546.0,1774.0,1568.0,1610.0,1485.0,2115.0,1938.0,1572.0,2538.0,3139.0,1250.0,2017.0,1487.0,1962.0,1589.0,2343.0,1127.0,1555.0,1668.0,1770.0,1146.0,1653.0,1495.0,1843.0,1341.0,1598.0,1242.0,1096.0,1212.0,1438.0,1302.0,1251.0,3069.0,1571.0,1368.0,1614.0,1628.0,1119.0,1381.0,1348.0,1072.0,1019.0,1395.0,1317.0,1418.0,1079.0,1516.0,1146.0,1402.0,1103.0,1225.0,1258.0,2092.0,1127.0,1492.0,1460.0,2229.0,1169.0,1325.0,1216.0,1460.0,1286.0,1285.0,1254.0,2665.0,1383.0,1147.0,1204.0,1016.0,1178.0,1236.0,882.0,1734.0,916.0,1940.0,1556.0,1076.0,1582.0,1269.0,826.0,1411.0,1574.0,1301.0,892.0,1301.0,1408.0,1323.0,1442.0,1127.0,1222.0,711.0,1157.0,916.0,1157.0,1492.0,1229.0,1210.0,1328.0,1434.0,1687.0,1651.0,1998.0,1695.0,1417.0
2020-07,1710.0,2644.0,2546.0,1772.0,1570.0,1612.0,1484.0,2113.0,1940.0,1576.0,2533.0,3129.0,1252.0,2026.0,1493.0,1963.0,1591.0,2346.0,1130.0,1560.0,1669.0,1771.0,1148.0,1655.0,1497.0,1849.0,1342.0,1599.0,1246.0,1099.0,1216.0,1442.0,1306.0,1257.0,3060.0,1570.0,1371.0,1617.0,1634.0,1122.0,1385.0,1357.0,1073.0,1023.0,1399.0,1321.0,1419.0,1083.0,1517.0,1150.0,1404.0,1107.0,1229.0,1264.0,2091.0,1130.0,1498.0,1465.0,2236.0,1172.0,1328.0,1221.0,1466.0,1293.0,1289.0,1256.0,2669.0,1387.0,1151.0,1207.0,1020.0,1182.0,1240.0,885.0,1739.0,919.0,1948.0,1558.0,1082.0,1588.0,1273.0,829.0,1414.0,1579.0,1307.0,896.0,1303.0,1414.0,1327.0,1448.0,1129.0,1225.0,714.0,1161.0,918.0,1159.0,1498.0,1234.0,1216.0,1330.0,1434.0,1695.0,1653.0,1998.0,1698.0,1420.0
2020-08,1711.0,2635.0,2545.0,1771.0,1571.0,1614.0,1484.0,2111.0,1942.0,1580.0,2528.0,3117.0,1255.0,2034.0,1500.0,1964.0,1593.0,2349.0,1133.0,1564.0,1670.0,1770.0,1149.0,1656.0,1499.0,1855.0,1344.0,1600.0,1250.0,1101.0,1220.0,1445.0,1310.0,1262.0,3050.0,1569.0,1375.0,1619.0,1640.0,1124.0,1389.0,1365.0,1075.0,1026.0,1403.0,1324.0,1420.0,1087.0,1519.0,1153.0,1406.0,1111.0,1233.0,1269.0,2091.0,1134.0,1504.0,1470.0,2243.0,1176.0,1332.0,1226.0,1471.0,1300.0,1293.0,1257.0,2674.0,1391.0,1155.0,1210.0,1024.0,1186.0,1244.0,889.0,1744.0,922.0,1956.0,1560.0,1088.0,1594.0,1278.0,831.0,1416.0,1583.0,1312.0,900.0,1306.0,1420.0,1332.0,1453.0,1131.0,1227.0,717.0,1166.0,921.0,1162.0,1504.0,1239.0,1223.0,1332.0,1435.0,1702.0,1656.0,1999.0,1700.0,1423.0
2020-09,1712.0,2625.0,2545.0,1770.0,1572.0,1615.0,1483.0,2108.0,1944.0,1584.0,2523.0,3106.0,1258.0,2043.0,1506.0,1964.0,1594.0,2352.0,1137.0,1569.0,1670.0,1770.0,1151.0,1658.0,1500.0,1862.0,1345.0,1602.0,1254.0,1104.0,1225.0,1448.0,1315.0,1267.0,3040.0,1568.0,1379.0,1622.0,1646.0,1127.0,1392.0,1374.0,1076.0,1029.0,1407.0,1328.0,1421.0,1091.0,1520.0,1157.0,1408.0,1115.0,1236.0,1275.0,2090.0,1138.0,1510.0,1475.0,2250.0,1180.0,1335.0,1231.0,1476.0,1308.0,1297.0,1259.0,2679.0,1395.0,1159.0,1213.0,1028.0,1190.0,1248.0,892.0,1748.0,925.0,1964.0,1562.0,1094.0,1600.0,1282.0,833.0,1419.0,1587.0,1317.0,904.0,1308.0,1426.0,1336.0,1459.0,1132.0,1230.0,720.0,1171.0,924.0,1164.0,1510.0,1244.0,1230.0,1335.0,1435.0,1710.0,1658.0,2000.0,1703.0,1427.0
