,,1 Year Avg Return,3 Year Avg Return,5 Year Avg Return,lat,lng,population,firstzip
Albany,GA,0.02083847235152625,0.021971797677008853,0.02267630698902834,31.5776,-84.1762,89217.0,31721
Forrest City,AR,0.012267194785073654,0.012867867631490615,0.013272360195208943,35.0135,-90.7931,12309.0,72322
Hannibal,MO,0.02229787350918655,0.023626965521727383,0.024375027111093628,39.7097,-91.3939,17884.0,63401
Shelton,WA,0.05226295114811208,0.05553515113052376,0.0569115133488185,47.2186,-123.112,20264.0,98584
Hereford,TX,0.04956240344027951,0.052331650312902545,0.054100794252975204,34.8232,-102.4001,15164.0,79045
Binghamton,NY,0.02213590319440839,0.023793102722824644,0.02470644937239208,42.1014,-75.9093,148145.0,13904
Grand Forks,ND,0.02787669276601079,0.029584158941713845,0.030194372960040683,47.9218,-97.0886,64748.0,58202
Harrisburg,PA,0.024915804618649284,0.026257037906660896,0.027149720662353216,40.2752,-76.8843,442289.0,17101
Hudson,NY,0.03708779032990006,0.03985458940076714,0.04141780054281696,42.2515,-73.7859,10413.0,12534
Durham,NC,0.026201284515724677,0.028021806757813073,0.028670361585208415,35.9794,-78.9031,424700.0,27703
Fairbanks,AK,0.021168985536472285,0.022794467581647604,0.023319984194043686,64.8353,-147.6534,63245.0,99701
Enid,OK,0.029436866160095443,0.030622804713580143,0.03151901336337315,36.4061,-97.8701,47907.0,73701
Coshocton,OH,0.023301569898158014,0.024445546415245767,0.02524188133295291,40.2618,-81.848,11347.0,43812
Bloomington,IN,0.02648714514283479,0.028003581092857388,0.028895890367734767,39.1637,-86.5257,115884.0,47406
Newport,OR,0.04274168657571642,0.04581367167317962,0.04718569810212769,44.6242,-124.0513,12155.0,97365
Jackson,OH,0.024938834598188908,0.026431536202756067,0.026922253734860346,39.046,-82.6492,11462.0,45640
Fredericksburg,TX,0.03977298408552943,0.042626903475154965,0.04356630740901868,30.2661,-98.8749,12567.0,78624
Muncie,IN,0.048868555767349164,0.051861137367598786,0.05336939302164345,40.1989,-85.395,87879.0,47306
Bozeman,MT,0.041012114670010646,0.04464581032064885,0.045796399124139686,45.6832,-111.0552,57695.0,59718
Safford,AZ,0.03686354913061418,0.0400161113256392,0.0406790346496988,32.8317,-109.7005,19987.0,85546
Omaha,NE,0.028680985960522598,0.030339069523703133,0.031307871962051204,41.2627,-96.0522,847819.0,68112
Grand Junction,CO,0.03548491666272002,0.03872793421679699,0.03990867044530311,39.0876,-108.5673,139143.0,81505
Richmond,VA,0.032064164180137356,0.034069737681599266,0.03498743289279016,37.5295,-77.4756,1075798.0,23222
Madison,WI,0.032282168565135994,0.03421669056097132,0.035327352465076345,43.0826,-89.3931,447245.0,53706
Houston,TX,0.027161285905646926,0.02883991695487853,0.02972248709687042,29.7863,-95.3889,5464251.0,77069
Columbus,MS,0.0031896431640734413,0.0028062470455063604,0.002971855390667022,33.5088,-88.4096,31084.0,39702
Palatka,FL,0.05004728085896937,0.052070631687927804,0.053944404280437785,29.6493,-81.6705,23738.0,32177
Arcadia,FL,0.034542650300068756,0.036955275406433286,0.038023798034706235,27.2213,-81.8587,19038.0,34266
Fremont,NE,0.023881267066606204,0.02571866095205344,0.02655072072570852,41.4396,-96.4879,27456.0,68025
Watertown,SD,0.03377917783198847,0.03591514526708983,0.03711613569301475,44.9094,-97.1531,21790.0,57201
Stevens Point,WI,0.014999467805139277,0.01603943850259726,0.016603584904869573,44.5241,-89.5508,42837.0,54481
Searcy,AR,0.022011578632811224,0.023547532158849638,0.024315716853789082,35.2418,-91.7351,26889.0,72149
Lawrenceburg,TN,0.027548823949910428,0.029411788785288495,0.030015160057602852,35.2497,-87.3325,10688.0,38464
Bucyrus,OH,0.009648121779899155,0.01037576381915506,0.010921919145988168,40.8054,-82.9719,11800.0,44820
Cookeville,TN,0.028580439367809296,0.030307180869764805,0.031275952601593104,36.1484,-85.5114,50408.0,38501
El Centro,CA,0.04672978593778332,0.04934951205330629,0.050530639772204955,32.7867,-115.5586,111425.0,92243
Enterprise,AL,-0.0007314209585668197,-8.918980940531007e-05,-0.00010115437158730867,31.3276,-85.8459,38914.0,36330
Atlantic City,NJ,0.026511310941620847,0.027475154910310495,0.028045536231229073,39.3797,-74.4527,237054.0,08401
Lubbock,TX,0.02923842060190407,0.03089855973648903,0.03175059325642193,33.5659,-101.8878,267648.0,79406
East Stroudsburg,PA,0.025448120149394793,0.028156244345250547,0.029256374662930185,41.0023,-75.1779,57577.0,18301
Parsons,KS,0.018751765961108058,0.020572488071446404,0.0208026771286014,37.3405,-95.2959,9294.0,67335
Eau Claire,WI,0.026540933588228732,0.029437852782276952,0.030289308850549368,44.8199,-91.4949,107404.0,54703
Ionia,MI,0.020905649268679882,0.021574000621650713,0.022658651136995944,42.9772,-85.0727,14122.0,48846
Lamesa,TX,0.045424184830150205,0.047974664047045534,0.04936030618337872,32.7333,-101.9542,11241.0,79331
Des Moines,IA,0.02628583715816135,0.027556578186445746,0.028273634901711198,41.5725,-93.6105,473957.0,50309
New Castle,PA,0.01713087587240847,0.018274993868147016,0.01895953035381659,40.9956,-80.3459,38930.0,16102
Paris,TX,0.026613614089970428,0.028272560009748204,0.029128022162401512,33.6688,-95.546,26010.0,75462
Dumas,TX,0.040341830437516935,0.0425168846768218,0.043620000939414094,35.8613,-101.9642,13963.0,79029
Cambridge,MD,-0.01820043185007514,-0.019023581218924224,-0.01940600295444672,38.5515,-76.0786,14178.0,21613
Charleston,SC,0.037578813395023225,0.03937450375261209,0.04027289381398469,32.8153,-79.9628,628377.0,29414
Orlando,FL,0.03594754627828567,0.03745170590201563,0.03849808019786827,28.4772,-81.3369,1822394.0,32829
Wenatchee,WA,0.045914171492299705,0.048764236004416484,0.050187248684702146,47.4356,-120.3283,72350.0,98801
McPherson,KS,0.02747148808772204,0.028341917658243787,0.029204524387007158,38.3714,-97.6605,12989.0,67460
Del Rio,TX,0.03182728038866367,0.03371224389532235,0.03441146509087867,29.3708,-100.88,44121.0,78840
Sikeston,MO,0.028448629392668234,0.03013436878317366,0.0309667322667031,36.8865,-89.587,16237.0,63801
Sunbury,PA,0.02534675510094897,0.026827197594037733,0.027658905343429296,40.8617,-76.7874,27921.0,17801
Charlottesville,VA,0.03467268835791315,0.036668734968116734,0.03739661880210887,38.0375,-78.4855,100416.0,22901
New Castle,IN,0.008840492414833312,0.009528142365675452,0.00993729356103601,39.919,-85.3697,21555.0,47362
Prineville,OR,0.036127557429419754,0.03804188276778531,0.03894874655700442,44.2985,-120.8607,12650.0,97754
Bedford,IN,0.018617088211509758,0.0191914010220795,0.01995744028357138,38.8602,-86.4895,14752.0,47421
Winchester,VA,0.040279393501155614,0.04348002565353992,0.04465524614190164,39.1735,-78.1746,74417.0,22601
DeRidder,LA,0.026753952639302803,0.02848087070264893,0.02931178333336426,30.8467,-93.2931,13354.0,70634
Mount Vernon,IL,0.016791568001547352,0.01732263619350838,0.01763682498665342,38.314,-88.9174,15427.0,62864
Sherman,TX,0.032510935087781245,0.034441956487571534,0.03518866157497835,33.6274,-96.6218,70704.0,75092
Napa,CA,0.055797211635367105,0.058223550710158944,0.059893480573304014,38.2976,-122.3011,85239.0,94558
Arkansas City,KS,0.009871986063882066,0.010390654873914551,0.010567257360529103,37.0726,-97.0385,12242.0,67005
Wausau,WI,0.022121016558926065,0.02377466188351951,0.024554328547105486,44.962,-89.6459,73593.0,54401
Tupelo,MS,0.008679198608890104,0.009195324653119119,0.009625573015175526,34.2692,-88.7318,45466.0,38804
Salinas,CA,0.04934729294503937,0.05198314555952921,0.05409713116876147,36.6884,-121.6317,190972.0,93901
Steamboat Springs,CO,0.04655077991785861,0.0492639745835135,0.05075655877370755,40.4777,-106.8243,14087.0,80487
Chico,CA,0.04640269775086692,0.04919731624285273,0.050970387925760585,39.7575,-121.8152,117668.0,95973
Bremerton,WA,0.042225525474277825,0.046115215238070384,0.04751084324723598,47.5436,-122.7122,218400.0,98312
Morgantown,WV,0.032518363298555286,0.03493525094288308,0.03584081066939171,39.638,-79.9468,72458.0,26501
Dodge City,KS,0.01851588804716875,0.019975608015221136,0.020623099097767605,37.761,-100.0183,27080.0,67801
Dyersburg,TN,0.019163661302488144,0.020259854433104962,0.020575766431403686,36.0465,-89.3777,20839.0,38024
Wilmington,NC,0.02303499013832422,0.024149677409346593,0.024913552220455548,34.21,-77.8866,255616.0,28409
Cullman,AL,0.030495812373141362,0.03208516832708108,0.03317925900206009,34.1777,-86.8407,19920.0,35058
Alma,MI,0.004951356292121067,0.0038244901907802387,0.004071102435522889,43.38,-84.6556,16035.0,48801
Decatur,IL,-0.002300901686619672,-0.0017989710746971754,-0.001861907345265923,39.8556,-88.9337,87236.0,62522
Vineland,NJ,0.012197421655339546,0.013121836561931666,0.01346564094480418,39.4653,-74.9981,93239.0,08344
Frankfort,KY,0.02276167846970223,0.023903933748519623,0.024339957874144336,38.1924,-84.8643,38852.0,40604
South Bend,IN,0.02375954031201344,0.024874952262661232,0.0253183647980757,41.6767,-86.2696,280498.0,46601
Midland,TX,0.04312783435053058,0.046073245243702265,0.04770466717977717,32.0249,-102.1137,154793.0,79701
Mount Pleasant,MI,0.022709610492942955,0.02401015790360761,0.024882108690890137,43.5966,-84.7759,35694.0,48858
Blytheville,AR,0.01481085441560781,0.0161024908675802,0.01673907382712292,35.9321,-89.9051,15693.0,72315
Detroit,MI,0.021845537542811044,0.023904742078829644,0.025083075035207347,42.3834,-83.1024,3506126.0,48209
Spearfish,SD,0.02394266345999374,0.02625439147293207,0.027478309483376817,44.4912,-103.8167,12836.0,57783
Cortland,NY,0.033360369768626,0.035159293845695716,0.036232253385353186,42.6004,-76.1784,26729.0,13045
Huntsville,TX,0.03569121647882767,0.03800406715112481,0.03907158747431483,30.705,-95.5544,40466.0,77340
Fort Polk South,LA,0.02934824493646948,0.03157289892872339,0.03232660499906159,31.0512,-93.2159,9233.0,70656
Casper,WY,0.013381028415790697,0.013487934989385941,0.01403692920598587,42.842,-106.3207,67598.0,82604
Johnson City,TN,0.029229728822348644,0.030892467864073403,0.031728434447206855,36.3406,-82.3803,127571.0,37614
Owensboro,KY,0.02509081270969471,0.026777858837693902,0.02758668447713597,37.7574,-87.1173,74068.0,42303
Clarksdale,MS,0.0027770883052347095,0.003162060480641049,0.003580587976085514,34.1971,-90.5729,14745.0,38614
Selinsgrove,PA,0.024295630385844147,0.02616636868796962,0.027008976845479316,40.8003,-76.8647,5902.0,17870
Bogalusa,LA,0.006057404410801048,0.006189348322756638,0.006730253280913923,30.7812,-89.8633,11486.0,70427
Staunton,VA,0.011895410537834161,0.012646094240799988,0.013002901957785307,38.1593,-79.0611,59433.0,24401
Dubuque,IA,0.02405097668920142,0.02532723013686633,0.026219814783057904,42.5008,-90.7067,68109.0,52002
Williamsport,PA,0.02978417677084133,0.031299364630032356,0.03189972189093515,41.2398,-77.0371,53861.0,17701
Kennewick,WA,0.03828776394705624,0.04108267530647369,0.042449003983854094,46.1978,-119.1732,240735.0,99337
Albertville,AL,0.027552176499376024,0.029456744112646982,0.03003928115232779,34.2634,-86.2107,37775.0,35951
Dublin,GA,0.026134250987159824,0.027621625859397314,0.02803570064502381,32.5359,-82.928,20583.0,31021
Lewiston,ME,0.033007925896444856,0.03480200177843096,0.03570871571198908,44.0915,-70.1681,58802.0,04240
Hays,KS,0.030431013410204155,0.032149266678175525,0.03309597386839136,38.8815,-99.3218,21421.0,67601
Yakima,WA,0.03348861134698433,0.03467675979860174,0.03556836603548619,46.5923,-120.5496,133191.0,98901
Georgetown,SC,0.010346306465493615,0.010853429097008815,0.011037587899183965,33.3595,-79.2958,11754.0,29440
Trenton,NJ,0.02438853958767906,0.025038438964513743,0.025986834790566293,40.2236,-74.7641,290716.0,08638
Stockton,CA,0.04934478374085538,0.05140907938710759,0.05265745172130365,37.9765,-121.3109,397264.0,95219
Portales,NM,0.03382419250189672,0.03614830046564843,0.037119679540030814,34.1753,-103.3565,11921.0,88130
Hattiesburg,MS,0.006592031217803829,0.006848179164802515,0.0070012474038863015,31.3074,-89.317,80138.0,39401
Fort Myers,FL,0.02607399419688039,0.02914444384981496,0.03037211808849638,26.6195,-81.8303,87103.0,33913
Battle Creek,MI,0.02502013310071627,0.026650718339163992,0.0274586407523707,42.2986,-85.2296,76514.0,49015
Pocatello,ID,0.03205308378185645,0.03489860354193297,0.03549143616675132,42.8724,-112.4646,72878.0,83204
New Haven,CT,0.023781982938503976,0.025972829937750408,0.02662837992082201,41.3112,-72.9246,564830.0,06519
Canton,OH,0.02265568522616057,0.024031324546459176,0.024648764235265075,40.8075,-81.3677,269418.0,44714
Jamestown,NY,0.026280578649189312,0.027460577899407035,0.02826879060579257,42.0975,-79.2366,40493.0,14701
Racine,WI,0.013452160309338046,0.014598289056789504,0.014974572129398567,42.7274,-87.8135,130142.0,53405
Connersville,IN,0.0022844484554127575,0.0020865583106568497,0.0021901452282031553,39.6581,-85.141,14566.0,47331
Rochester,MN,0.034715772542668555,0.03683374021176422,0.0378586641224925,44.0151,-92.4778,119942.0,55902
Opelousas,LA,0.025812785155262086,0.027569432574028108,0.028469466015542455,30.528,-92.0851,24423.0,70570
Stillwater,OK,0.030637623004338588,0.032635088656881805,0.033613383644755634,36.1316,-97.074,49008.0,74078
Great Bend,KS,0.0217527181200301,0.022875364606568693,0.023328789280769868,38.3593,-98.8016,15144.0,67530
Pullman,WA,0.04305823861595859,0.04515873754545385,0.04680434261600186,46.734,-117.1669,34425.0,99164
Berlin,NH,0.029785757284637615,0.032173651169771,0.033230486120108704,44.4869,-71.2599,11237.0,03570
Blackfoot,ID,0.04429486755010914,0.04685922903982864,0.04816830815610218,43.194,-112.3455,15526.0,83221
Elko,NV,0.03443905429305949,0.0360676111701661,0.037760108085043376,40.8387,-115.7674,21179.0,89801
Fernley,NV,0.03803184831295292,0.04110156326898218,0.04304390827347793,39.5611,-119.1926,21045.0,89408
Watertown,NY,0.03994779808250892,0.041634119052546215,0.04317481511659915,43.9734,-75.9094,53163.0,13601
McAlester,OK,0.029908334651587376,0.03174675933319193,0.0323584655733391,34.9262,-95.7698,18896.0,74501
Macon,GA,0.02139471639421764,0.022676464449163936,0.023183829742775774,32.8065,-83.6974,153159.0,31206
Aberdeen,SD,0.03618560405351623,0.03867347319107228,0.03974893570827853,45.4646,-98.468,28134.0,57401
Sterling,CO,0.03766379539615938,0.040037601754736585,0.040888079506509634,40.6206,-103.1925,15780.0,80751
Kill Devil Hills,NC,0.023606486002681004,0.025259450310005427,0.025586319639460564,36.0167,-75.6699,20951.0,27948
Cleveland,OH,0.015418766224734926,0.017019637495579998,0.01763131521722272,41.4767,-81.6804,1710093.0,44135
Natchitoches,LA,0.011786263540800146,0.01263278268003254,0.013017887285435403,31.7317,-93.0979,18859.0,71457
Sulphur Springs,TX,-0.018846025317442283,-0.019797753160829323,-0.02014417856250994,33.1421,-95.6124,14916.0,75482
Indiana,PA,0.023175506248353628,0.024467844793353732,0.025302271647239305,40.622,-79.1552,27142.0,15701
Rolla,MO,0.024476193056249596,0.02555811814957676,0.02629167806032595,37.9458,-91.7608,21059.0,65401
Columbus,NE,0.03756593075909187,0.04002731399672643,0.041185200457942495,41.4368,-97.3563,23463.0,68601
Tiffin,OH,0.020895972210821512,0.02215558311788368,0.02290245797652024,41.1165,-83.1805,19130.0,44883
Grand Island,NE,0.03434522220180791,0.03659244340273449,0.03775102295842969,40.9214,-98.3584,53296.0,68803
Dayton,TN,0.03140623006507215,0.033379102053007426,0.034363503035623744,35.4912,-85.012,10410.0,37321
Vicksburg,MS,0.00813858604374329,0.008538225816885792,0.008819355573842502,32.3173,-90.8868,26340.0,39180
Sweetwater,TX,0.026235281071347316,0.02747706064207267,0.028137150818547285,32.4693,-100.4092,9836.0,79556
Logan,WV,0.028453815149793504,0.03072173432041203,0.032162624331514955,37.8509,-81.9857,8882.0,25601
Rochester,NY,0.02134902612143441,0.022610488190683675,0.02323527150221416,43.168,-77.6162,703952.0,14608
Bainbridge,GA,0.02553732643181128,0.027301184901014297,0.02790078222228143,30.9046,-84.5727,11529.0,39819
Spencer,IA,0.018473257750940775,0.020012547977400708,0.020846936343246192,43.1468,-95.1534,10678.0,51301
Williston,ND,0.06970814209233112,0.07484260538140952,0.07688808798058888,48.1814,-103.6364,29844.0,58801
Fort Leonard Wood,MO,0.006673852099397415,0.006922920464522253,0.007328691871626214,37.7562,-92.1274,15882.0,65473
Batavia,NY,0.027396342928947215,0.029084140873172126,0.030088161260554358,42.9987,-78.1802,16581.0,14020
Athens,GA,0.031967542368666724,0.03498240018056409,0.03646070482830077,33.9508,-83.3689,141532.0,30622
Seneca Falls,NY,0.03203685959717828,0.033913723488200986,0.034830314212972224,42.9101,-76.7967,6032.0,13148
Albuquerque,NM,0.021988451732677383,0.023273008785236415,0.024023230212586455,35.1053,-106.6464,761195.0,87121
Lawrence,KS,0.026583796983212116,0.02824854643368635,0.02939338879127984,38.9597,-95.2641,98648.0,66045
Mount Airy,NC,0.01877115503600746,0.019641452845535756,0.01983479976015201,36.5083,-80.6154,19119.0,27030
Burlington,IA,0.01874108953348408,0.020218379838589984,0.020793872869497854,40.8072,-91.1247,28474.0,52601
Pine Bluff,AR,0.0206317537367815,0.021611663991203622,0.02208228727014694,34.2116,-92.0178,45204.0,71602
Bloomsburg,PA,0.029904490316186028,0.03181292560679938,0.032775379002980554,41.0027,-76.4561,49840.0,17815
Evanston,WY,0.02560902585009428,0.02704760507296089,0.027938698301368525,41.2602,-110.9646,11319.0,82930
Sayre,PA,0.037075189645732864,0.03913883423826747,0.040167143986892695,41.9855,-76.5207,17281.0,18840
Sacramento,CA,0.043848885292602446,0.04637218244046415,0.04778075822773653,38.5667,-121.4683,1898019.0,95820
Cincinnati,OH,0.02251482214871614,0.023771249919216197,0.024306271381275835,39.1413,-84.5061,1662691.0,45219
Marshall,MO,0.013232111418172376,0.014011624858827787,0.01419172360940646,39.1147,-93.201,12447.0,65340
Tampa,FL,0.03931946655283958,0.04109487249086463,0.042058136116926326,27.9942,-82.4451,2908063.0,33637
Zapata,TX,0.03593213370100057,0.037938275928066645,0.03911583350929759,26.9027,-99.2612,4585.0,78076
Sumter,SC,0.020223292266770443,0.021679555302371423,0.022251285202749882,33.9392,-80.393,71518.0,29154
Mountain Home,AR,0.02708448086121762,0.02878802618262699,0.029436697639185327,36.3348,-92.3846,14317.0,72653
Riverton,WY,0.03096126460095272,0.033084093919169444,0.03424245329363318,43.0421,-108.414,12445.0,82501
Durant,OK,0.039245678355434466,0.04172352380923683,0.04301062939622313,33.9957,-96.3938,19315.0,74701
Ruston,LA,0.03335607200482915,0.03538145933220349,0.03653758281401975,32.5329,-92.6363,27717.0,71272
Port St. Lucie,FL,0.03479632049757253,0.037153169705802735,0.03824336198413336,27.2796,-80.3883,461152.0,34986
Jacksonville,FL,0.0351117390501825,0.035950720826593896,0.03698333404118026,30.3322,-81.6749,1181496.0,32224
Atchison,KS,0.011677637952638209,0.01273529202725232,0.012997959519506885,39.5625,-95.1367,10613.0,66002
San Jose,CA,0.06162798392831159,0.06618021441632593,0.06852274849586792,37.3019,-121.8486,1798103.0,95118
Daytona Beach,FL,0.035421384361184804,0.03646540920700114,0.037100736240933685,29.1994,-81.0982,69186.0,32124
Torrington,CT,0.02378131087657276,0.025025873365453144,0.025748298540495318,41.8349,-73.1281,40003.0,06790
Elmira,NY,0.02106679740752182,0.02234029219775202,0.02301008691359674,42.0938,-76.8097,62989.0,14901
Seattle,WA,0.046685756819980995,0.049310516863685816,0.051284955681856204,47.6211,-122.3244,3789215.0,98109
Atlanta,GA,0.027533716359049,0.029273514795764788,0.0307342237610011,33.7627,-84.4224,5449398.0,30334
Poplar Bluff,MO,0.022555699142652097,0.02353768190332506,0.024339590818999834,36.7632,-90.4136,20359.0,63902
Cheyenne,WY,0.03522536951946331,0.0379235774601554,0.039119032302116,41.1351,-104.79,79484.0,82009
Borger,TX,0.025013215320266458,0.02615948601877971,0.02680232166126295,35.6598,-101.4012,12718.0,79007
Bastrop,LA,0.029713760825014646,0.031573292935386243,0.032422947406224756,32.7749,-91.9058,12327.0,71220
Douglas,GA,0.022607190744714067,0.023770671799730136,0.02435637386095979,31.5065,-82.8543,14283.0,31533
Craig,CO,0.04294171041241768,0.04569250191290575,0.0470594815498111,40.517,-107.5555,9553.0,81625
Pontiac,IL,0.020131437049804468,0.021729002142625964,0.022430434974424873,40.8881,-88.6414,11622.0,61764
Austin,MN,0.029212184627184223,0.030754903490359142,0.03161477840864313,43.6718,-92.9783,25626.0,55912
Fargo,ND,0.019805451370732863,0.02065759132544498,0.02146711898056708,46.8652,-96.8292,208675.0,58102
Monroe,MI,0.01862696687842713,0.020574329208706832,0.021627956117270752,41.9154,-83.385,48317.0,48162
Goldsboro,NC,0.015986832683235974,0.01633869186267667,0.016926884483571714,35.3778,-77.972,57278.0,27534
Fort Smith,AR,0.024893826411922726,0.026361001862165168,0.027243303448567513,35.3493,-94.3695,125354.0,72901
San Diego,CA,0.048467130182733964,0.05157128207953954,0.05307963051148623,32.8312,-117.1225,3220118.0,92109
Hickory,NC,0.024573513497838206,0.0263162942623536,0.02709623888471846,35.7425,-81.323,218323.0,28601
Burlington,VT,0.03496467053387908,0.036619171153400076,0.037552214344817036,44.4877,-73.2314,109763.0,05405
Lock Haven,PA,0.0300946247524132,0.03201818235211884,0.03259895809646918,41.1365,-77.4521,16490.0,17745
Sault Ste. Marie,MI,0.01236531019013154,0.012969767511259889,0.013419496858533497,46.4817,-84.3723,12442.0,49783
Chattanooga,TN,0.02935017785243299,0.03170647451271402,0.03283776658229143,35.0657,-85.2488,415501.0,37415
Longview,WA,0.0463930100384049,0.04948560294754434,0.05112921836623374,46.1461,-122.9629,67081.0,98632
Jacksonville,TX,0.02400415973745429,0.0253376421268261,0.026037396012303926,31.9642,-95.2617,14337.0,75766
Marinette,WI,0.027275162483851645,0.028840922001829528,0.02952864612125472,45.087,-87.6328,18671.0,54143
Sandpoint,ID,0.03751271981642601,0.0395231875244868,0.04048203775589898,48.2822,-116.5613,13145.0,83864
Jackson,TN,0.01952154593504085,0.020909680774794825,0.021471420323520674,35.6535,-88.8353,74065.0,38305
Seymour,IN,0.01765960946181777,0.01913266375749756,0.01971512289454047,38.9476,-85.891,23598.0,47274
Mansfield,OH,0.016290579107481884,0.016850117246528296,0.017367292393373424,40.7656,-82.5275,73326.0,44905
Red Bluff,CA,0.0085053903916823,0.009358510187646552,0.009837068667564175,40.1735,-122.2413,19039.0,96080
Wauchula,FL,0.03724958163484837,0.04085520140671717,0.04203384817028377,27.5469,-81.8101,13992.0,33873
Warrensburg,MO,0.020874502826353947,0.022277535586986863,0.022788181459443058,38.7627,-93.726,22410.0,64093
Lafayette,LA,0.026871536359485138,0.028280639806555374,0.0292302252196599,30.2084,-92.0323,264357.0,70508
Indianola,MS,0.02253649975865657,0.023947417165023133,0.024898813708946088,33.4492,-90.6447,8804.0,38751
Tullahoma,TN,0.029738529366697852,0.032167505127408624,0.033045481409805344,35.3721,-86.2173,18082.0,37360
Snyder,TX,0.04607682441375083,0.0488485360219304,0.050427231764959446,32.7133,-100.9113,11371.0,79549
Hinesville,GA,0.025853928816164995,0.02681582215286271,0.027357440932478827,31.8247,-81.6135,51206.0,31313
Port Clinton,OH,0.024062639635280325,0.02492956788394607,0.025807679424185714,41.5096,-82.9385,13614.0,43452
Bartlesville,OK,0.022663043934205485,0.024155408804270362,0.024956464544345636,36.7357,-95.9453,39301.0,74006
Arkadelphia,AR,0.02489741564252146,0.026594088111994818,0.027497343679025343,34.1255,-93.0725,10503.0,71923
Bemidji,MN,0.03313103048583055,0.03536630089091042,0.036200136116852244,47.4828,-94.8796,16807.0,56601
Scranton,PA,0.01871469667267167,0.019935887254642237,0.02038978500610411,41.4044,-75.6649,384250.0,18509
Newport,TN,0.036282551556620746,0.03852580249363502,0.039497287078120946,35.9617,-83.1977,11500.0,37821
Sturgis,MI,0.03132185074724991,0.033234412277754144,0.033822836058384764,41.7995,-85.4182,12881.0,49091
Marietta,OH,0.026143947313287175,0.02753906192119815,0.028243477621294533,39.4241,-81.4465,21267.0,45750
Sterling,IL,0.009716039702696522,0.010360566422738637,0.010492620871142222,41.7995,-89.6956,27127.0,61081
Oskaloosa,IA,0.018511480056812468,0.01949255882422407,0.019959326918208564,41.2922,-92.6403,12592.0,52577
Altus,OK,0.018939166534188256,0.02021263548095731,0.020667445182354527,34.6566,-99.3051,18418.0,73521
Hobbs,NM,0.02540130693169451,0.027953479041675777,0.028823586065349405,32.7282,-103.16,42095.0,88240
Hanford,CA,0.038247923828911734,0.041571751494737796,0.0423342616104061,36.3274,-119.6549,94028.0,93230
Las Cruces,NM,0.019813422661971503,0.021161264199628604,0.022052175796405615,32.3265,-106.7892,136254.0,88012
Marion,OH,0.010917932615335468,0.012101729150334917,0.01251149785786132,40.5933,-83.1237,45181.0,43302
Norwalk,OH,0.017460391921654272,0.01873228097672075,0.019327710599867043,41.2443,-82.6088,20629.0,44857
Coeur d'Alene,ID,0.04998280080560491,0.05354469234444981,0.05528439299678234,47.7041,-116.7935,116834.0,83815
St. Marys,GA,0.02662265609957859,0.02840101931287342,0.029398703522783398,30.7567,-81.5722,37556.0,31558
Shreveport,LA,0.0041360273973534145,0.004664104317211093,0.00503805209268382,32.4656,-93.7956,280062.0,71129
Clarksburg,WV,0.025323080842409196,0.027142445697902362,0.02799228502994988,39.2863,-80.323,40403.0,26301
Marshall,MN,0.014773418512259218,0.01562496261940649,0.01603978189893951,44.4488,-95.7897,13274.0,56258
Miami,OK,0.037306560878165085,0.0393799135258075,0.04064903084442495,36.8877,-94.8718,15571.0,74354
Coos Bay,OR,0.039088442094293185,0.04190037715790762,0.0435147224097272,43.3789,-124.233,32159.0,97459
Ogdensburg,NY,0.02269232387918252,0.02395737429339051,0.02481460405049396,44.7088,-75.4717,10638.0,13669
Salem,OH,0.022244535773364937,0.023486053511978078,0.023905477463305846,40.9049,-80.8491,17571.0,44460
Ithaca,NY,0.033897900906241674,0.0363384815525829,0.03750350078344056,42.4442,-76.5032,55137.0,14853
Owosso,MI,0.024431501526208432,0.025426969803103994,0.02637807780317658,42.9955,-84.176,21315.0,48867
Greenwood,MS,0.0057206109674481365,0.006283580618525297,0.006267170389333332,33.5126,-90.1993,19961.0,38930
Guymon,OK,0.029660036521736544,0.03181184902754608,0.03268016647814975,36.6901,-101.4776,10895.0,73942
Alexandria,MN,0.02418897003211451,0.025438642716940407,0.026069414692027504,45.8777,-95.3766,21204.0,56308
Wichita,KS,0.02232953659303072,0.02377401724884365,0.024468968451782036,37.6896,-97.3442,482249.0,67230
Sedalia,MO,0.03568125161214519,0.03792515466543933,0.03887018607876924,38.7042,-93.2351,26473.0,65301
Savannah,GA,0.029857336372034027,0.03131089641489515,0.032022207178147744,32.0281,-81.1784,276295.0,31322
London,KY,0.030467359013953255,0.03270978517965073,0.03385262490351182,37.1175,-84.0767,37714.0,40744
Minot,ND,0.03885815271643711,0.04092567746933273,0.04233609109099046,48.2375,-101.2781,49425.0,58707
Portland,ME,0.03956976076052743,0.04195805966084598,0.04298360068048801,43.6773,-70.2715,203969.0,04101
Lebanon,MO,0.019942460016444397,0.021423770865204528,0.02164488358651173,37.6717,-92.6603,14360.0,65536
Easton,MD,0.03177540247467303,0.034026472497504345,0.0352325811470533,38.776,-76.0702,17911.0,21601
Nashville,TN,0.03586654544129164,0.03755805416722291,0.03872615145196434,36.1715,-86.7843,1081903.0,37027
Pittsburg,KS,0.011724778251017476,0.012378705421015601,0.012616511579946588,37.4129,-94.6984,22711.0,66762
Abilene,TX,0.027996358629236884,0.029790078878227044,0.030988565743778285,32.4543,-99.7384,116412.0,79605
Santa Rosa,CA,0.042911368969678065,0.04597446348576839,0.04743667827431497,38.4458,-122.7067,324634.0,95404
Rutland,VT,0.027080267287594717,0.029841321305979163,0.030988330069279257,43.6091,-72.9782,18131.0,05701
Texarkana,TX,0.026684475343587533,0.028270803175490133,0.02891132324458323,33.4487,-94.0815,77964.0,75501
Huntington,WV,0.02472841432124051,0.026182282860344852,0.026774535742867922,38.4109,-82.4344,186034.0,25703
Camden,AR,0.015512019571133573,0.016388332269782868,0.01656624124724404,33.5672,-92.8467,10058.0,71701
Gainesville,FL,0.032904425600115195,0.034652010166434266,0.03532055924983779,29.6804,-82.3458,202335.0,32609
Boulder,CO,0.043504706365866896,0.046085655235878376,0.047576157312178236,40.0249,-105.2523,124345.0,80310
Jackson,MS,0.017201713727314383,0.018414537800980346,0.019008057738644668,32.3163,-90.2124,325350.0,39272
Eureka,CA,0.04948346396501191,0.05215957331640508,0.05424021251437838,40.7942,-124.1568,44236.0,95503
Stephenville,TX,0.029128620854165233,0.03057910877700465,0.03147047614765586,32.2148,-98.2205,20841.0,76401
Mountain Home,ID,0.03129891240054117,0.0331410240874912,0.034377713838652735,43.1324,-115.6972,16945.0,83647
Edwards,CO,0.04499063558256822,0.047490943112319606,0.04905107988576307,39.6215,-106.6183,10071.0,81632
Nogales,AZ,0.0396541424029806,0.04126802566840593,0.042715796160398556,31.3624,-110.9336,30917.0,85621
Corpus Christi,TX,0.024812890571129564,0.026287144157503217,0.026936725264171013,27.726,-97.3755,342464.0,78373
Oxford,MS,0.024050340160356898,0.025367733952414984,0.02625778230108189,34.3627,-89.5336,38310.0,38655
Iron Mountain,MI,0.018980953107823773,0.019557652950272786,0.02040785894037378,45.8275,-88.0599,18432.0,49801
Oak Harbor,WA,0.044540869339539935,0.04715063274973108,0.04848388572122042,48.2965,-122.6333,35228.0,98277
Pinehurst,NC,0.016720099399672783,0.017491620544669573,0.0175210635681724,35.1922,-79.4684,45935.0,28374
Kendallville,IN,0.01746005193720035,0.018733377373590043,0.01908153345976027,41.4441,-85.2578,10432.0,46755
Blacksburg,VA,0.031948885927462145,0.0338754457475392,0.034858393301688606,37.23,-80.4279,91888.0,24060
Waycross,GA,0.030611862867049533,0.032227707339065326,0.033254927897651276,31.2108,-82.3579,23671.0,31501
Mankato,MN,0.026367904801719355,0.027843203564990704,0.028550573963247006,44.1712,-93.9773,62889.0,56001
Gaffney,SC,0.021531392717957676,0.02288615355729262,0.023823275300794977,35.0742,-81.6558,21169.0,29341
Medford,OR,0.03855455610839309,0.04044045721415568,0.041182687140858265,42.3372,-122.8537,170876.0,97504
Buffalo,NY,0.02548177752416758,0.027374747304515834,0.02828416116010879,42.9016,-78.8487,914341.0,14208
Sioux Falls,SD,0.031117293660783085,0.03330677977193619,0.034101645166598304,43.5397,-96.732,187239.0,57110
Yankton,SD,0.026372151387112908,0.028023506600528547,0.028974061152585273,42.8901,-97.3926,14872.0,57078
Cullowhee,NC,0.011266612682504062,0.012149105285352846,0.012551206956571415,35.3107,-83.1815,6139.0,28723
Bowling Green,KY,0.029589047674848157,0.031190783504560393,0.032167535531771874,36.9719,-86.4373,95135.0,42104
Chillicothe,OH,0.02748189562997916,0.029330561637113117,0.030378336638329895,39.3393,-82.9937,31999.0,45601
Orangeburg,SC,0.015086550472932503,0.01653558962357149,0.01685518712344547,33.4928,-80.867,30365.0,29118
Peru,IN,0.008639575957466894,0.009084792019372623,0.00941171960650733,40.7594,-86.0757,12642.0,46970
Champaign,IL,0.02380098931738117,0.024551483012217323,0.024993722987923794,40.1144,-88.2735,159443.0,61822
Merced,CA,0.04655691638105863,0.046868687515077,0.049089303974348075,37.3057,-120.4778,145149.0,95348
Greenville,OH,0.02066076456644561,0.022357512395164036,0.022964654902238868,40.1043,-84.6209,12720.0,45331
Wapakoneta,OH,0.03232959031403482,0.034421622664344564,0.03536235130271925,40.5663,-84.1915,10500.0,45895
Hot Springs,AR,0.027006014394556965,0.02791790485301937,0.028406371335970793,34.4892,-93.0501,60767.0,71901
Holland,MI,0.025650043454766847,0.028396377772214265,0.029394349919043217,42.7677,-86.0985,100432.0,49423
Peoria,IL,0.014156733441122116,0.015012803290078258,0.015413882682007829,40.752,-89.6153,256286.0,61625
Gardnerville Ranchos,NV,0.03735256450650115,0.040046747073244626,0.04040101360839987,38.8872,-119.7426,11274.0,89460
Duluth,MN,0.03966649764611274,0.04197717184282346,0.04346638614928233,46.7756,-92.1392,119476.0,55803
Pottsville,PA,0.015885560817165523,0.01532571244370784,0.015794662957504535,40.6798,-76.2092,40685.0,17901
Cleveland,TN,0.03132683128026459,0.033679893033508934,0.03480207339548147,35.1817,-84.8707,73596.0,37312
Greenville,SC,0.0261223443976617,0.027584624422793302,0.02836669906011191,34.8353,-82.3647,484465.0,29614
Jefferson City,MO,0.01870606318330914,0.01948488360185663,0.020123881244939357,38.5676,-92.1759,58025.0,65101
Lebanon,PA,0.023688251052074616,0.025398467384798895,0.026072835372153547,40.3412,-76.4227,78302.0,17046
Syracuse,NY,0.024902637218192414,0.02618790306564711,0.026816055947364026,43.0409,-76.1438,404223.0,13210
Sonora,CA,0.014604183069308885,0.016164010327452738,0.016822972409614056,37.9819,-120.3828,28035.0,95370
Columbus,IN,0.022407469108271405,0.023584806763977006,0.024123675622434115,39.2093,-85.9183,59897.0,47201
Gadsden,AL,0.03683536386917097,0.03839524219842594,0.039138890671605475,34.009,-86.0156,60944.0,35901
Urbana,OH,0.022157291500549015,0.02308002779703,0.023709391967394078,40.1085,-83.7542,11313.0,43078
Durango,CO,0.02188951096661418,0.023819237742199517,0.02430546164708325,37.2659,-107.8782,20203.0,81301
Ashland,OH,0.010580721683584704,0.01124361359176862,0.011488784129630059,40.8668,-82.3156,20140.0,44805
Terre Haute,IN,0.012768119067517958,0.013363824975941352,0.013512534950710142,39.4654,-87.3763,92490.0,47804
Elizabethtown,KY,0.026478864814645453,0.028594112583964604,0.029597814667986944,37.703,-85.877,78002.0,42701
Pensacola,FL,0.03077525722003438,0.03258331871348141,0.033258954806905994,30.4427,-87.1886,346921.0,32501
Ames,IA,0.017737922936670536,0.019203273650215458,0.019845216891579698,42.0259,-93.6215,67910.0,50014
Martin,TN,0.023754920301799487,0.02502303894604041,0.02601149350634313,36.3386,-88.8513,10415.0,38237
Victoria,TX,0.015553025822098387,0.016170133200684944,0.016518351058307568,28.8285,-96.985,68078.0,77901
Vidalia,GA,0.029396526291597613,0.03223465984691254,0.03316181317505884,32.2125,-82.4019,13350.0,30474
Montrose,CO,0.03936621196208523,0.04226120371402731,0.04358895020859577,38.469,-107.859,23478.0,81403
Laurinburg,NC,0.015997945788897017,0.01762479572514808,0.01797666269635778,34.7597,-79.4781,19889.0,28352
Plainview,TX,0.020418741284632613,0.021501179607148035,0.02223365746887218,34.1911,-101.7234,23424.0,79072
Twin Falls,ID,0.03717798514662718,0.040605322457961446,0.042243826047524635,42.5645,-114.4615,55556.0,83301
Brookings,OR,0.034080479520430584,0.03622964198972367,0.03721144577391344,42.0697,-124.3003,11162.0,97415
Modesto,CA,0.031127619451277733,0.03460846872850509,0.03665757002089598,37.6374,-121.0028,383134.0,95358
Worcester,MA,0.03462268956749526,0.03673256630838795,0.037875914181657366,42.2705,-71.8079,498328.0,01610
Amarillo,TX,0.020871818769451878,0.0219153176070086,0.022566995829063075,35.1988,-101.8311,205603.0,79121
Albemarle,NC,0.02767745315920167,0.029626923133523775,0.030496878877195766,35.3594,-80.1915,17185.0,28001
Visalia,CA,0.03569537077175888,0.037632590219252915,0.03931895125152107,36.3276,-119.3269,237386.0,93277
Fort Wayne,IN,0.022420422137044316,0.023576422884330928,0.024201733982788687,41.0886,-85.1437,334122.0,46835
Branson,MO,0.015367587995151366,0.01634180639482974,0.016699752133796153,36.651,-93.2635,25033.0,65616
Myrtle Beach,SC,0.021003394621974092,0.02315510042675606,0.024268945643894257,33.7096,-78.8843,275579.0,29572
Zanesville,OH,0.02945840378331077,0.030808564837226493,0.03168090835262394,39.9565,-82.0132,41589.0,43701
Marquette,MI,0.035036287861631044,0.03708225616247529,0.038254165488427416,46.544,-87.4082,26491.0,49855
Logansport,IN,0.009729412535090853,0.010261838597740436,0.010498092577555074,40.7472,-86.3519,20608.0,46947
Boone,NC,0.034122946939190824,0.03595594986690931,0.036938982616271376,36.2111,-81.6668,26146.0,28607
Waterloo,IA,0.023036453342982988,0.023836421846520794,0.024171432275214233,42.492,-92.3522,111631.0,50707
Meridian,MS,0.02287643330138689,0.024562164009979792,0.02539480832120411,32.3846,-88.6896,36686.0,39307
Big Spring,TX,0.05828467246323843,0.06285657952892554,0.0647028584864362,32.2387,-101.4802,28913.0,79720
Woodward,OK,0.038067248483528715,0.039666566454200414,0.041024675119522236,36.4247,-99.4057,11410.0,73801
Oneonta,NY,0.039043420189138756,0.041549045690736364,0.04256568517298409,42.4551,-75.0666,17236.0,13820
Mayfield,KY,0.017977559212410954,0.018876414309588307,0.01935940461792507,36.737,-88.6446,11121.0,42066
Winona,MN,0.012051699332425558,0.01243816409177323,0.012838968038568543,44.0505,-91.6684,29601.0,55987
Storm Lake,IA,0.026946803693469024,0.028386029358958176,0.02914765653115503,42.6431,-95.1969,11066.0,50588
Fort Collins,CO,0.03650487632426924,0.03889889406297642,0.03996235841730189,40.5478,-105.0656,312666.0,80521
Albany,OR,0.04657758535771972,0.050586142480667284,0.05213827672865223,44.6274,-123.0966,62880.0,97321
Auburn,IN,0.02131424001054616,0.022676531635990926,0.02334370286587517,41.3666,-85.0559,22994.0,46706
Macomb,IL,0.022706466494139876,0.023821003477078273,0.024701467478154715,40.4721,-90.6816,18006.0,61455
Salisbury,MD,0.03207330960632904,0.03399627503254177,0.03463084059459565,38.3756,-75.5867,106447.0,21802
Punta Gorda,FL,0.036739847960985283,0.04081926000072533,0.04241885957792024,26.8933,-82.0516,20369.0,33950
Mineral Wells,TX,0.026177406660959024,0.027908848982971524,0.028742484674655344,32.8169,-98.0776,14597.0,76088
Red Wing,MN,0.03632789959858229,0.03803737835443477,0.03976729565884263,44.5816,-92.6036,14245.0,55089
Ludington,MI,0.026206144171247336,0.027532798282065674,0.028051012274957543,43.9573,-86.4434,10752.0,49431
Tuscaloosa,AL,0.02418542163115478,0.024954122428051173,0.025636828419373092,33.2348,-87.5267,155499.0,35475
Washington,NC,0.0174445344213896,0.018958934792114857,0.019453010658170067,35.5587,-77.0545,16014.0,27817
Springfield,IL,0.013969906017297529,0.014770293312642346,0.015176491927568536,39.771,-89.6538,158509.0,62711
Kirksville,MO,0.018530336025681438,0.019292446863232504,0.019659812039819036,40.1986,-92.5753,16002.0,63501
Boston,MA,0.04261101155320568,0.0452132499810185,0.04641151382758979,42.3188,-71.0846,4688346.0,02120
Pahrump,NV,0.013487060952832808,0.013629662122005337,0.013878251444104928,36.2411,-116.0176,36174.0,89048
Dothan,AL,0.023489033279938454,0.02457799648613923,0.02530030289430818,31.2335,-85.4069,72396.0,36303
Appleton,WI,0.020976746834377336,0.022145171135292685,0.022805238254947957,44.2779,-88.3891,220570.0,54914
Riverside,CA,0.047360127847599465,0.0504406349112827,0.0517720771989032,33.9381,-117.3948,2107852.0,92508
Little Rock,AR,0.023439741817511406,0.02463730778196127,0.02526460128725838,34.7256,-92.3576,439815.0,72211
Seneca,SC,0.009296453816835415,0.01001116013480452,0.010327778418594447,34.6815,-82.9609,27439.0,29672
Spartanburg,SC,0.023760463240563023,0.02474781324263642,0.02537182341446309,34.9437,-81.9257,182701.0,29302
Kingsville,TX,0.02483521962057411,0.026679664700594463,0.02759508180052439,27.5094,-97.8611,25120.0,78363
Athens,TN,0.025612099899728236,0.027061410047706236,0.027977029283174915,35.4573,-84.6045,16651.0,37303
Pierre,SD,0.03564856714954279,0.038125466280892084,0.03903718401498768,44.3748,-100.3205,14659.0,57501
Grants Pass,OR,0.03290842057082122,0.03392303441822864,0.03538917274244602,42.4333,-123.3317,55837.0,97526
Henderson,NC,0.018790795415599915,0.019936427655950162,0.020385187479240674,36.3259,-78.4155,20238.0,27536
Morgan City,LA,0.022111244529791962,0.023018645835294338,0.023899930147963655,29.7041,-91.192,27728.0,70380
Escanaba,MI,0.028843597083217043,0.030489796462139118,0.031193168762022605,45.7477,-87.09,20094.0,49829
Auburn,NY,0.03210149031787379,0.0332886851323666,0.03404162085499718,42.9338,-76.5684,30507.0,13021
Campbellsville,KY,0.015581892233781147,0.016607080937007135,0.016996538536935724,37.3446,-85.3511,14772.0,42718
Prescott,AZ,0.037637424315376755,0.03922361880908509,0.04062118514644242,34.585,-112.4475,44299.0,86305
Whitewater,WI,0.021511592629998244,0.02318455864459601,0.023638830127663324,42.8372,-88.7341,14725.0,53190
San Angelo,TX,0.05369015632786267,0.05779811936045487,0.0593015408168478,31.4424,-100.4506,100773.0,76905
Hailey,ID,0.014378590122529067,0.015113166803523592,0.015519608203013346,43.5141,-114.3,11409.0,83333
Mount Sterling,KY,0.024967098325270554,0.026511114476751363,0.027432331952382594,38.0648,-83.9472,11363.0,40353
El Paso,TX,0.018079364149335087,0.01939842812856818,0.0202252898662878,31.8479,-106.4309,843386.0,79901
Carson City,NV,0.03516425397249945,0.038414425824225606,0.0399436355520113,39.1512,-119.7474,58756.0,89701
Big Stone Gap,VA,0.00791334661776455,0.008005207797267877,0.007946189535960047,36.8626,-82.7769,7533.0,24219
Ada,OK,0.031791609689694855,0.03368328851786928,0.03480065536962251,34.7683,-96.6689,17840.0,74820
Statesboro,GA,0.023270445268382733,0.024449973764245625,0.0251234810661094,32.4376,-81.775,42102.0,30460
Barnstable Town,MA,0.04560596782993498,0.047076643000906415,0.048234320780557116,41.6722,-70.3599,242847.0,02635
Philadelphia,PA,0.02916700811487538,0.030932965105618715,0.03230928214359907,40.0077,-75.1339,5649300.0,19154
Martinsville,VA,0.021322107076909846,0.022641068658060037,0.023354322635065428,36.6827,-79.8636,31871.0,24112
Melbourne,FL,0.035091586447625556,0.03732996242975428,0.03835523601653579,28.1085,-80.6627,83029.0,32901
Cordele,GA,0.028969747960180925,0.030398274838937978,0.031414030731608866,31.9563,-83.7694,11719.0,31015
Santa Maria,CA,0.04217627059747664,0.04692517407247965,0.048100849272266766,34.9334,-120.4432,140545.0,93454
Brownwood,TX,0.032835350323657364,0.0348981552634795,0.03594747143219457,31.7127,-98.9767,21729.0,76801
Colorado Springs,CO,0.036815792798606584,0.03882872634493828,0.04003115437527471,38.8674,-104.7606,642413.0,80951
Longview,TX,0.032457912652759324,0.03392474113855504,0.03510887749482361,32.5193,-94.7621,100330.0,75602
Paducah,KY,0.020691643943829163,0.02222438618053668,0.023044258996557154,37.0711,-88.6436,48481.0,42003
Union City,TN,0.02007548042897067,0.020955757116810636,0.02163571173490353,36.4268,-89.0474,9763.0,38261
Canton,IL,0.007602475887494631,0.007938529570394426,0.007909395410375497,40.5632,-90.0409,13611.0,61520
Birmingham,AL,0.016634317337422377,0.017977027759596753,0.018703489631602288,33.5277,-86.7987,739573.0,35218
Helena,MT,0.03312436076182346,0.03536297504132402,0.036544011366285156,46.5965,-112.0202,52936.0,59601
Quincy,IL,0.02121873975872246,0.022543530983315074,0.022955637510208238,39.9335,-91.3799,44466.0,62301
Mitchell,SD,0.017070365707434032,0.017092776224097106,0.01744058278079108,43.7296,-98.0337,15372.0,57301
Kerrville,TX,0.03151127539896503,0.03369202482881084,0.03457260034431564,30.0398,-99.132,30623.0,78028
Indianapolis,IN,0.018389058620534415,0.01961766419464195,0.020227769555689612,39.7771,-86.1458,1588961.0,46218
Denver,CO,0.04439261353914792,0.04744371588773033,0.04880264306260296,39.7621,-104.8759,2876625.0,80264
Elizabeth City,NC,0.014502451770175284,0.01576201810456701,0.01654256572630941,36.2943,-76.2361,22711.0,27909
Beeville,TX,0.03686327350862473,0.0391241373148743,0.040019438414222286,28.4059,-97.7494,18068.0,78102
Alamogordo,NM,0.036379830451328754,0.03889822532039311,0.040173751281755266,32.8837,-105.9624,33513.0,88310
Alice,TX,0.029251018044667676,0.03053889136026111,0.03144780327471386,27.7556,-98.0653,20510.0,78332
Findlay,OH,0.01936966786535521,0.02027531405073546,0.020778870146495487,41.0467,-83.6379,48469.0,45840
Sevierville,TN,0.03476084961865311,0.03684866571065304,0.0377072078861147,35.8873,-83.5677,25557.0,37862
Shawano,WI,0.013440409552713195,0.014080078042718602,0.014704364715635743,44.7748,-88.5843,10107.0,54166
Corning,NY,0.020800449824128986,0.021876081997008745,0.022180547118654692,42.147,-77.0561,19296.0,14830
Joplin,MO,0.030377657985827478,0.032418457580631665,0.03340070504432213,37.0758,-94.5018,84048.0,64804
Hastings,NE,0.024810814714178786,0.026346641618828714,0.02700733038262415,40.5963,-98.3914,24101.0,68901
Rockford,IL,0.01544029302949812,0.016990954457423157,0.017255530460274837,42.2597,-89.0641,282762.0,61114
Clearlake,CA,0.037504394366808524,0.03948970122720574,0.040383956079768746,38.959,-122.633,15961.0,95422
Grants,NM,0.01930203143068443,0.020422545183795382,0.020693561699461016,35.1538,-107.8335,11833.0,87020
Brainerd,MN,0.018017489687117694,0.019448700672195063,0.020444574306653918,46.3553,-94.1982,19583.0,56401
Meadville,PA,0.028406511668657597,0.029893186954339734,0.030759779714000457,41.6476,-80.1468,22580.0,16335
Mobile,AL,0.022542620604074415,0.024067572483691846,0.024642054835912308,30.6783,-88.1162,315502.0,36606
Murray,KY,0.025896475073958092,0.027244058940253613,0.028168425152308663,36.6146,-88.3206,20776.0,42071
Brenham,TX,0.03255259389474152,0.034123004486974695,0.0351527959697282,30.1585,-96.3964,17823.0,77833
Hutchinson,KS,0.011314124295513706,0.011543216554858793,0.011817005863034025,38.0671,-97.9081,42531.0,67502
Hillsdale,MI,0.018959915951663353,0.019435414321598232,0.019825647068223873,41.9266,-84.6356,11223.0,49242
Middlesborough,KY,0.012738515110284343,0.013428755277544058,0.014050446719983123,36.6127,-83.7227,13475.0,40965
Mount Vernon,OH,0.03055219418645061,0.0326231805662196,0.033427927903458166,40.3854,-82.4734,21864.0,43050
Beckley,WV,0.020377513796755453,0.021369343546489006,0.02209388700485837,37.7878,-81.1841,57942.0,25801
Muskegon,MI,0.03349844591318418,0.0360152753818479,0.03737198189693358,43.2281,-86.2563,153565.0,49442
Platteville,WI,0.020320392356205863,0.021088391607861467,0.021455102263838732,42.728,-90.4676,12100.0,53818
Washington Court House,OH,0.02213991260693926,0.023786482492812233,0.024209988127775084,39.5383,-83.4279,15059.0,43160
Cumberland,MD,0.015819764787091684,0.01672614379273818,0.01717837622184404,39.6515,-78.7585,47980.0,21502
Parkersburg,WV,0.020832053665325034,0.021920883350845077,0.02234667729528428,39.2624,-81.542,62566.0,26104
Santa Cruz,CA,0.05276199941657822,0.054968587009026404,0.0567840395462933,36.9789,-122.0346,176428.0,95065
Columbus,OH,0.025899823482955275,0.027514918556309054,0.02828864492562455,39.9862,-82.985,1562009.0,43026
North Wilkesboro,NC,0.02539427183412224,0.02786067248512447,0.029148616149843543,36.1728,-81.139,18066.0,28659
Iowa City,IA,0.01974114399213689,0.020736997051405526,0.021317373128936667,41.6559,-91.5303,118041.0,52245
Ellensburg,WA,0.03147351833852796,0.03297757408241386,0.03386078986642649,46.9994,-120.5477,24377.0,98926
Kalispell,MT,0.02850803874606589,0.032065250222053754,0.03323608954528767,48.2156,-114.3262,39182.0,59901
Dixon,IL,0.00984246001813216,0.010676683091781713,0.010948382309951432,41.8439,-89.4794,16195.0,61021
Fresno,CA,0.03720367175879025,0.03977178793337566,0.041058049159544474,36.7831,-119.7941,703498.0,93730
Americus,GA,0.009689579645981272,0.010314477923228038,0.010737765938414023,32.0736,-84.2249,16939.0,31709
Defiance,OH,0.023350669970750193,0.024907602433331455,0.025670695464508064,41.281,-84.3661,18460.0,43512
Greensburg,IN,0.023762299406704823,0.024943895746124323,0.02558073090991675,39.3515,-85.5024,11960.0,47240
Chambersburg,PA,0.024020497172623445,0.025327979929551825,0.02596732169282534,39.9315,-77.6556,53083.0,17201
Carbondale,IL,0.012756161482397443,0.014137283765659037,0.014277074510067544,37.7221,-89.2238,65671.0,62901
Bellefontaine,OH,0.022552445901055984,0.02400719991706257,0.02490104230043011,40.3627,-83.763,13114.0,43311
Manitowoc,WI,0.025012840907046918,0.026620883680418483,0.02754093895063403,44.0991,-87.6811,44770.0,54220
Hood River,OR,0.048126368636395744,0.05187230917263164,0.05327189288959522,45.7092,-121.5258,15949.0,97031
Youngstown,OH,0.014572904246306306,0.015309381917262721,0.015704513077390514,41.0993,-80.6463,378732.0,44502
Salt Lake City,UT,0.03380081133601398,0.03532773776880305,0.036510177392128806,40.7777,-111.9306,1098526.0,84116
Maryville,MO,0.02004592189718113,0.0216525512688448,0.02253618990341888,40.3428,-94.8701,12808.0,64468
Akron,OH,0.019086910940251833,0.02012333271760136,0.020576191525291554,41.0798,-81.5219,565208.0,44306
Flint,MI,0.013706012647635157,0.015052123108835858,0.015369170696779788,43.0235,-83.6922,332190.0,48553
Bay City,TX,0.03563435241226043,0.0378089460097808,0.03885438975910249,28.9838,-95.9601,18661.0,77414
Tucson,AZ,0.028403400795396605,0.030315149075101244,0.030791800308550332,32.1545,-110.8782,888486.0,85705
Alpena,MI,0.024566460410412105,0.02677871762801609,0.027766614380872134,45.074,-83.4399,13541.0,49707
Newberry,SC,0.015562326626110679,0.016600532038366422,0.017384774240307266,34.2812,-81.601,11954.0,29108
Kokomo,IN,0.016047762101134344,0.0166251727566904,0.01720851971037618,40.464,-86.1277,79351.0,46902
Ukiah,CA,0.04742513070866283,0.04786028166694822,0.04877486248840279,39.1463,-123.2105,29561.0,95482
Bangor,ME,0.032228607275199606,0.03414070952762338,0.03563664079617124,44.8322,-68.7906,59772.0,04401
Rocky Mount,NC,0.01787068849074691,0.01874648202972673,0.0193330159951155,35.9676,-77.8048,64018.0,27804
Vernal,UT,0.04033589904440449,0.042798268023231056,0.04444452217620354,40.4517,-109.5379,19893.0,84078
New Ulm,MN,0.018274343217427047,0.01914534234101062,0.019450389010300384,44.3121,-94.4686,13060.0,56073
Lake City,FL,0.04785553906573203,0.051725991151580164,0.05366656477096621,30.1901,-82.647,26271.0,32055
Bakersfield,CA,0.028864017262776098,0.029980536568164684,0.03130665001760713,35.3529,-119.0359,579295.0,93306
Salina,KS,0.019779002647154043,0.02069005473765495,0.0213475267538612,38.8137,-97.6143,46340.0,67401
Brookings,SD,0.02377292072770487,0.025334455518608356,0.026012726316673396,44.3022,-96.7859,24887.0,57006
Huntingdon,PA,0.028863173787672114,0.03098685792221434,0.031754099116897194,40.5,-78.0097,11134.0,16652
Plattsburgh,NY,0.020043097272841592,0.021392708466344335,0.021799804318322513,44.6951,-73.4563,28740.0,12901
Valdosta,GA,0.02548235414979949,0.027332117961721858,0.02809101876266662,30.8502,-83.2788,79820.0,31698
Danville,IL,0.0162107072041342,0.01765909347002137,0.018414398722409464,40.1423,-87.6114,47059.0,61834
Lima,OH,0.016140230063565575,0.01691635402617564,0.0176087972921406,40.741,-84.1121,68878.0,45805
Boone,IA,0.019048152840847266,0.02049119437074598,0.021107520715111683,42.053,-93.877,12513.0,50036
Muscatine,IA,0.017226083147046767,0.018457140404250394,0.01895726957620214,41.4196,-91.068,26168.0,52761
Ardmore,OK,0.032500396353160266,0.03468304882903661,0.035789780667257354,34.1944,-97.1253,21245.0,73401
Portland,OR,0.042421090815968565,0.044948331036787526,0.046308503798695666,45.5372,-122.65,2074775.0,97227
Watertown,WI,0.025412168575867478,0.027518737282263173,0.02834157403069959,43.1893,-88.7285,22973.0,53098
Beaumont,TX,0.03093091037666995,0.03259748597730727,0.03367083676012439,30.0849,-94.1451,146091.0,77708
Mason City,IA,0.0187790880465446,0.02045271774941404,0.020828997074814115,43.1487,-93.1998,26005.0,50401
Pecos,TX,0.10251691135558261,0.10908775813221117,0.11239013464270586,31.4046,-103.5057,14040.0,79772
Rochelle,IL,0.003954821179277035,0.004295824003530679,0.0043786074735461256,41.9195,-89.0632,10723.0,61068
Sidney,OH,0.02413463776886715,0.025632434929836467,0.026390763004876527,40.2891,-84.1667,21148.0,45365
Provo,UT,0.030831547708336737,0.032513025675386276,0.03372716111219498,40.2457,-111.6457,500617.0,84604
Ann Arbor,MI,0.02958462815352081,0.030731397793609894,0.032092512844992704,42.2755,-83.7312,322267.0,48103
Green Bay,WI,0.025909847128793295,0.027272102251966635,0.028000891962940866,44.515,-87.9896,207557.0,54311
Frankfort,IN,0.022805720244218897,0.02425218356933634,0.024918716764085413,40.281,-86.5213,16136.0,46041
Fitzgerald,GA,0.01913585904180315,0.01993238802824915,0.020736459973331955,31.7135,-83.2515,11135.0,31750
Farmington,MO,0.004290325751483248,0.004818834517731796,0.004609532614685552,37.7821,-90.4288,46331.0,63640
Moberly,MO,0.013821567077853425,0.014615171458553844,0.015084504340137306,39.419,-92.4365,13574.0,65270
Jamestown,ND,0.03481745135779435,0.03694363965306957,0.03815596435141422,46.9063,-98.6936,14944.0,58401
New Bern,NC,0.02290663019360406,0.024221272323872167,0.02491439170684928,35.0955,-77.0723,51308.0,28560
Fallon,NV,0.019078138115146803,0.020691912592772477,0.021086987233566834,39.4738,-118.778,16313.0,89406
Cambridge,OH,0.0173915959147386,0.01828777669064663,0.0187085302780714,40.0221,-81.5868,14736.0,43725
Wilmington,OH,0.01775451889486379,0.018931849662637834,0.019492219200075045,39.4387,-83.8184,12222.0,45177
Truckee,CA,0.04343002536253593,0.046475740834151624,0.04760296646882711,39.3455,-120.1848,12554.0,96161
El Campo,TX,0.024021639739530976,0.025781564438474236,0.026685050982296232,29.1987,-96.2724,11655.0,77437
Midland,MI,0.021221566638570222,0.022374791325281418,0.02281599118075639,43.6241,-84.2319,58787.0,48642
Magnolia,AR,0.021726051352637832,0.022577257851913224,0.022919977955830007,33.2774,-93.2261,10339.0,71753
Crawfordsville,IN,0.0197770320417765,0.02072267226099811,0.021472390467542235,40.0428,-86.8975,18242.0,47933
Sebring,FL,0.03998259689359207,0.04178638602238682,0.04283658061551021,27.477,-81.453,62250.0,33870
Lufkin,TX,0.03265118432106684,0.034301653517767816,0.03513520876839382,31.3217,-94.7277,44867.0,75904
Springfield,MO,0.025524028273848698,0.027217298446413185,0.02799577495352934,37.1943,-93.2916,288090.0,65810
Heber,UT,0.04108579957806002,0.04415297544887653,0.04529633868178329,40.5068,-111.3984,25877.0,84032
California,MD,0.026029355557849243,0.027532837856353076,0.028421954780975867,38.2969,-76.4949,14298.0,20653
Tahlequah,OK,0.02388690413057537,0.025389656151039386,0.02612185709343806,35.9116,-94.9773,19773.0,74464
College Station,TX,0.03438371642111071,0.036756652603602724,0.037837628832330106,30.5852,-96.296,215243.0,77845
Nacogdoches,TX,0.026666418410865367,0.028435995537592795,0.029195299371521655,31.6134,-94.6528,34420.0,75962
Huron,SD,0.04502963561377049,0.04791092621609505,0.04908510843436176,44.3622,-98.2102,13427.0,57350
Harrison,AR,0.023067130367907307,0.024539698512395125,0.024990021689404562,36.2438,-93.1198,14097.0,72601
Rio Grande City,TX,0.0013304312622888226,0.00192823388352803,0.0023182914317616543,26.3808,-98.8215,48610.0,78582
McMinnville,TN,0.028647771336886896,0.03005989949542709,0.031156492514115897,35.6863,-85.7812,15570.0,37110
Salem,OR,0.03988923161819402,0.04236455610701806,0.04372626618584752,44.9231,-123.0246,266804.0,97302
Rexburg,ID,0.03645095690169975,0.03805651858493042,0.03931170324155797,43.8224,-111.792,30979.0,83460
Lafayette,IN,0.025838084353447144,0.02799060867999925,0.028866226449691057,40.399,-86.8594,157820.0,47909
Houma,LA,0.02596895379307429,0.027562262776991142,0.02862108039691358,29.5799,-90.7058,140469.0,70363
Hammond,LA,0.00987597472412638,0.01166391372679576,0.012025634837045551,30.5061,-90.4563,72413.0,70402
Los Alamos,NM,-0.00038648504533123074,-0.00016286539068344208,-0.000185474685689635,35.8926,-106.2862,12373.0,87544
Port Angeles,WA,0.04568633600338745,0.04834912152286153,0.05002856120464072,48.1142,-123.4565,24293.0,98363
Greeley,CO,0.03649006734566562,0.03887526216789672,0.040068997800556616,40.4151,-104.7706,137810.0,80634
Claremont,NH,0.03868442321508936,0.04167941716708423,0.042536433972564014,43.379,-72.3368,9294.0,03743
Elkins,WV,0.03687301214030936,0.038843228002453545,0.03995248870238277,38.9237,-79.854,10899.0,26241
Madisonville,KY,0.021527087199526562,0.02304993700051372,0.023556194155990084,37.3408,-87.5034,23580.0,42431
Bellingham,WA,0.05044664738730442,0.05398323270633254,0.05538441153887508,48.7543,-122.4687,130641.0,98229
Augusta,ME,0.035405619693545054,0.037146831886059495,0.038036800258028025,44.3341,-69.7319,22116.0,04330
Montgomery,AL,0.012587230285724171,0.013453569237324547,0.013757368387126157,32.3473,-86.2666,254634.0,36064
Merrill,WI,0.008911679929067162,0.009090267890200732,0.009253512898857341,45.182,-89.6995,9630.0,54452
McAllen,TX,0.027805352112298953,0.029537983634928544,0.030466698804769488,26.2273,-98.2471,804114.0,78573
Tallahassee,FL,0.02834959050181629,0.030532153140940155,0.031166938537550593,30.4551,-84.2526,257601.0,32311
Silver City,NM,0.01886414050067331,0.020133597457576036,0.020474570559392724,32.7784,-108.2698,11561.0,88061
Ottawa,IL,0.00022689516033458368,3.6479704721648076e-05,0.00045198430792425803,41.3532,-88.8306,19839.0,61350
Florence,SC,0.01678454218202252,0.017364242633621796,0.017601307499894414,34.1781,-79.7877,93131.0,29505
Utica,NY,0.026620716028471048,0.028395219685284134,0.029084418341088547,43.0961,-75.226,112650.0,13501
Worthington,MN,0.03406278915072192,0.035679473396090344,0.03677259602851657,43.6281,-95.599,12947.0,56187
Elk City,OK,0.030609610096320683,0.032722777527747215,0.03377891272468814,35.385,-99.4331,10746.0,73644
LaGrange,GA,0.022241113659346556,0.023539878713247253,0.02434963858919148,33.0274,-85.0384,35721.0,30240
Moultrie,GA,0.028578715462131976,0.029754378193917352,0.030866618816852487,31.1591,-83.7708,18602.0,31768
Kennett,MO,0.009856661310716719,0.010567950854538877,0.010997146248738154,36.2403,-90.0481,10379.0,63857
Butte,MT,0.017746626571312207,0.018576560839719036,0.01913917790718056,45.902,-112.6571,30904.0,59743
Dover,DE,0.005709351558228715,0.005588883263007549,0.005930528043297079,39.161,-75.5203,117282.0,19902
Dickinson,ND,0.04449377180389957,0.04707169869604044,0.04841898866468908,46.8917,-102.7924,22872.0,58601
Taos,NM,0.019235672592961883,0.019897686416051164,0.020929104254090447,36.3871,-105.5804,14196.0,87571
Brunswick,GA,0.026252745767160413,0.027953110943849557,0.028969645207470363,31.145,-81.474,53914.0,31520
Oil City,PA,0.031167064157843205,0.033341853019706935,0.03443976796682091,41.4282,-79.7035,13935.0,16301
Baltimore,MD,0.02896190682197619,0.0306013567953205,0.031616774751457744,39.3051,-76.6144,2106068.0,21218
Santa Fe,NM,0.02472383008303236,0.025460808518402933,0.026016433002666206,35.6619,-105.9819,111269.0,87505
Oxford,NC,0.02512404003387325,0.02642446861834724,0.027141833919704483,36.3155,-78.5848,9634.0,27565
Homosassa Springs,FL,0.02897021079573503,0.031090982008884716,0.03242153700532402,28.8118,-82.5392,13477.0,34448
Oklahoma City,OK,0.03053569448557525,0.032430195492594294,0.033272277846694065,35.4676,-97.5136,972943.0,73012
Tulsa,OK,0.025984076896343966,0.02725005931850788,0.028096000852897207,36.1284,-95.9042,671033.0,74133
Jonesboro,AR,0.025898188587064386,0.027267300346659917,0.02799928204616986,35.8212,-90.6791,76247.0,72467
Ottawa,KS,0.019137009058590948,0.020667781903134674,0.0211086468846593,38.6,-95.2642,12060.0,66067
Brookhaven,MS,0.021980602335767374,0.022935156488841812,0.023705471239354958,31.5803,-90.4432,10154.0,39601
Talladega,AL,0.029904710101469112,0.03200285224988564,0.0327711569114395,33.4329,-86.0976,13304.0,35160
Duncan,OK,0.03281764762047579,0.034708499048110575,0.03559073788805378,34.5424,-97.919,20312.0,73533
Lancaster,PA,0.02799297647943355,0.029664758613118236,0.030523325773160526,40.0421,-76.3012,401524.0,17603
Plymouth,IN,0.01288780858208094,0.013914049364656567,0.014189175605795468,41.3483,-86.3187,12433.0,46563
Sandusky,OH,0.017430690655963144,0.018408882097279422,0.01874999326121851,41.4437,-82.7149,46655.0,44870
Charlotte,NC,0.02824920937524733,0.029907833266814787,0.031201898027781727,35.208,-80.8304,1512923.0,28269
Clarksville,TN,0.02498549501107128,0.026892830588439276,0.02755714919413066,36.5695,-87.342,188746.0,42223
Mexico,MO,0.020341281523545307,0.02137503160533094,0.021951459080822078,39.1625,-91.8711,11330.0,65265
Ocean City,NJ,0.04447758575910021,0.04751352514910123,0.048671375299436326,39.2682,-74.6019,10971.0,08226
Forest City,NC,0.022922950361361494,0.02448467842581037,0.025189844670795214,35.3338,-81.8702,25311.0,28043
Freeport,IL,0.0019440797964140888,0.0014779786281389207,0.001029158251101503,42.2893,-89.6347,24092.0,61032
Juneau,AK,0.028723048650121985,0.030712620840778637,0.03174614262035713,58.4546,-134.1739,25085.0,99824
Jesup,GA,0.03422520706809706,0.03554324874552606,0.036440069219024984,31.5992,-81.8895,12198.0,31545
Dallas,TX,0.032562588015812244,0.034809003859866294,0.0355768372486176,32.7936,-96.7662,5743938.0,75287
Gallup,NM,0.004274020427412983,0.004563621923234562,0.004407371502378021,35.5183,-108.7423,22917.0,87301
Moscow,ID,0.03334597685000751,0.03507022721440034,0.035902347065700946,46.7307,-116.9986,26145.0,83843
Lakeland,FL,0.03288367753827881,0.03431765430743172,0.0351680018694025,28.0556,-81.9545,302284.0,33813
Wisconsin Rapids,WI,0.019866820161335452,0.021582009422892456,0.022301928367160606,44.3927,-89.8265,27966.0,54495
Raymondville,TX,0.03806158012722105,0.04024232884490342,0.04130638897254646,26.4759,-97.7769,13963.0,78580
Danville,KY,0.02156725056142439,0.023435210530289963,0.02398902911593659,37.6418,-84.7777,19529.0,40422
Morehead City,NC,0.02981535250608669,0.030975534972374152,0.031787779783374326,34.7308,-76.7387,49760.0,28557
Madison,IN,0.020424157891598904,0.02176048343387671,0.022470640991307356,38.7581,-85.3974,18109.0,47250
Fayetteville,AR,0.028477339619352726,0.030389384691755117,0.0311801459601575,36.0713,-94.166,351246.0,72704
Palestine,TX,0.027822576595089688,0.02939910825285308,0.030139122564375675,31.7544,-95.6471,18243.0,75801
Roswell,NM,0.03073247800266876,0.03253702212100462,0.03347945088149418,33.373,-104.5294,48889.0,88203
Hermiston,OR,0.03616801236027278,0.03753950981338017,0.03817926548653228,45.8323,-119.2858,29512.0,97838
Decatur,IN,0.019035656615136398,0.020315387070851232,0.020829976676786544,40.8286,-84.9282,10943.0,46733
Kingsport,TN,0.02544621983890405,0.026814628772682036,0.02754188014885961,36.5224,-82.5453,119666.0,37660
Vero Beach,FL,0.03550662398936866,0.03652113659116085,0.03761910534434998,27.6463,-80.393,17503.0,32960
Somerset,KY,0.026343599092996328,0.02778297205573943,0.028520164292434647,37.0815,-84.6091,30053.0,42503
Roseburg,OR,0.03658990657462069,0.03958952766978796,0.04078585115789668,43.2232,-123.3518,46228.0,97470
Allentown,PA,0.027273217549431683,0.029842684728733415,0.030906288614203525,40.5961,-75.4756,683794.0,18105
Charleston,WV,0.013642450525125804,0.014966737431727495,0.015460841431483408,38.3484,-81.6323,138706.0,25305
Concord,NH,0.039224004774678356,0.041853677791706456,0.042891211234826976,43.2305,-71.5595,43542.0,03303
Troy,AL,0.028097236476721132,0.029353197481836624,0.030214054647173638,31.8021,-85.9665,16712.0,36079
Baton Rouge,LA,0.022112429505966924,0.023771997320199523,0.0242977653587928,30.4418,-91.131,570308.0,70836
Washington,IN,0.02580004976730943,0.02718334914905718,0.02805164057999132,38.6587,-87.1591,13565.0,47501
Jasper,IN,0.023500760337280102,0.02489094621063792,0.025736801991429692,38.3933,-86.9402,16477.0,47546
Great Falls,MT,0.022005873607494397,0.023067369435311402,0.023901193683804944,47.5022,-111.2995,65131.0,59405
Washington,DC,0.035474940302846925,0.03822235060013224,0.03894778339169491,38.9047,-77.0163,5379184.0,20010
Vincennes,IN,0.020838474937724394,0.02190762688681236,0.02259197388545675,38.676,-87.5102,19498.0,47591
Greenfield Town,MA,0.037729983774139164,0.041272567319841524,0.04254287313444771,42.614,-72.5985,22703.0,01301
Deming,NM,-0.014709834203185834,-0.01559192817279853,-0.015886226958051086,32.2631,-107.7525,13924.0,88030
Lewiston,ID,0.04053487443881032,0.0417177094797192,0.04278445564400801,46.3934,-116.9934,53384.0,83501
Gettysburg,PA,0.0310628446776533,0.03323982136177084,0.03415420347535303,39.8304,-77.2339,7724.0,17325
The Dalles,OR,0.03661383169641552,0.037811940781715236,0.03828047823947567,45.6053,-121.1818,20442.0,97058
Celina,OH,0.04882823826511973,0.052020313017294706,0.05376518747293657,40.5551,-84.5629,11285.0,45822
Danville,VA,0.022277595176118714,0.0233965781119454,0.02397018890499636,36.5831,-79.4087,45890.0,24540
Dayton,OH,0.017306881171707644,0.01827240356908666,0.018889675903157377,39.7797,-84.1998,718353.0,45432
Effingham,IL,0.019321880122403767,0.020742455848213215,0.02131562816324961,39.1207,-88.5508,14005.0,62401
Spirit Lake,IA,0.028944454276479625,0.030708073306407124,0.031704428896440984,43.4176,-95.1109,11530.0,51360
Hilton Head Island,SC,0.021606626491574188,0.023217714311993154,0.023832836636312527,32.1896,-80.7499,74139.0,29928
Mount Pleasant,TX,0.021075001963910767,0.022731646015570206,0.0233219449389217,33.1613,-94.9717,16412.0,75455
Point Pleasant,WV,0.026725049865504502,0.028011953842012494,0.02878234574621974,38.8529,-82.1303,10473.0,25550
Rockingham,NC,0.02565026938834092,0.027551770780469775,0.02833235461072592,34.9386,-79.7608,23016.0,28379
Ontario,OR,0.04171456807536478,0.04312138766393003,0.04425430779356776,44.0259,-116.9759,24704.0,97914
Jackson,WY,0.030722337215622897,0.03276995945863459,0.0338806701885106,43.4721,-110.7745,12576.0,83001
Lewisburg,TN,0.031338869220566945,0.03270086399315941,0.03362752990538742,35.4494,-86.7897,11658.0,37091
Warren,PA,0.027590755394357735,0.02968931009496445,0.030754948914769598,41.8433,-79.1445,14370.0,16365
Cape Girardeau,MO,0.014078168599764851,0.014603494935972794,0.014992133571640087,37.3108,-89.5597,56551.0,63703
Moses Lake,WA,0.03916633285611337,0.041886383261909854,0.04258389189967726,47.128,-119.2761,39002.0,98837
Thomasville,GA,0.024602147214873638,0.026482886961330943,0.027120384587835833,30.8394,-83.9782,24275.0,31792
Laredo,TX,0.009521301360779999,0.010186978591122609,0.010602894079664082,27.5629,-99.4875,262079.0,78046
Barre,VT,0.03837134782827767,0.041102179661220095,0.04257633407193939,44.1997,-72.5083,20421.0,05641
Houghton,MI,0.03341757958939118,0.03476900889674939,0.03572106511673678,47.1119,-88.5672,15543.0,49931
Lake Charles,LA,0.009570192916801501,0.009014081225622084,0.009327437515669335,30.2012,-93.2122,156181.0,70605
Charleston,IL,0.008344020451811707,0.008746312317279514,0.008959173857741032,39.4842,-88.1781,20090.0,61920
Redding,CA,0.045396725919635506,0.048574663203685864,0.04980217491799355,40.5698,-122.365,121313.0,96002
Lake Havasu City,AZ,0.03763115060323141,0.03931107139609513,0.04057431775092368,34.5006,-114.3113,56820.0,86403
Bismarck,ND,0.038006321474025384,0.039978912170738345,0.041017334319026766,46.8144,-100.7694,98345.0,58505
Ogden,UT,0.033150547778354245,0.03541474682735268,0.03626165779282697,41.2278,-111.9682,578523.0,84404
Madera,CA,0.059491829665252016,0.06260958689454132,0.06448544917038634,36.9631,-120.0782,84086.0,93637
Fremont,OH,0.020937244146484124,0.022116088435311543,0.0227843877493481,41.3536,-83.1148,22191.0,43420
Astoria,OR,0.03846671656163125,0.04030928468669526,0.041846791430134145,46.1856,-123.8053,14916.0,97103
Las Vegas,NV,0.03034585918783761,0.030603781338570224,0.031192958719738373,36.2333,-115.2654,2104198.0,89107
Natchez,MS,0.024426789560739515,0.026775970028773965,0.027484751398852092,31.5437,-91.3867,26095.0,39120
Clinton,IA,0.019733788833705024,0.020659632252665316,0.021145788171422764,41.8434,-90.2408,30177.0,52732
Menomonie,WI,0.0114847270369689,0.01218774182692739,0.012387327480294585,44.8893,-91.9084,18159.0,54751
Dalton,GA,0.029286941486780904,0.0302318881017003,0.03141133399177254,34.769,-84.9712,86628.0,30721
Tifton,GA,0.02795243102591005,0.029845144773050336,0.030693686412601506,31.4625,-83.5205,24466.0,31793
Lewistown,PA,0.023299805401046703,0.024877056613496595,0.025739618299795763,40.5964,-77.573,21614.0,17044
Burlington,NC,0.0448149481001463,0.04694577456603932,0.048159053545478336,36.0758,-79.4686,131043.0,27217
Uvalde,TX,0.03570877310300724,0.0377554869578014,0.03871972873858898,29.2153,-99.7782,18406.0,78801
Greenwood,SC,0.033958363154214855,0.03600734227920088,0.03703452923320416,34.1945,-82.1542,42429.0,29649
Knoxville,TN,0.030358504710785494,0.03256314827925899,0.03362017188938626,35.9692,-83.9496,586048.0,37918
Springfield,MA,0.03062297202625275,0.032095475040651245,0.033215670833032895,42.1155,-72.5395,623401.0,01151
Richmond,KY,0.029125107504738512,0.03106666822059201,0.03217212034978689,37.7306,-84.2926,40972.0,40475
Manhattan,KS,0.02020205263157404,0.02143360527935667,0.022116953867479694,39.1886,-96.6046,57046.0,66506
Price,UT,0.031784963958973345,0.03338363139005951,0.03414294612677948,39.604,-110.8004,13564.0,84501
Gillette,WY,0.02638027294577938,0.027920471818831727,0.02890868561466342,44.2752,-105.4983,36032.0,82718
Saginaw,MI,0.01582490183780605,0.017160877480657533,0.017487364076576917,43.4199,-83.9501,117958.0,48607
La Grande,OR,0.028724569956616985,0.0312683446833506,0.03190267187904583,45.3243,-118.0865,15515.0,97850
Sheboygan,WI,0.010285287933581966,0.011463676783647792,0.011803709526931216,43.7403,-87.7316,69393.0,53083
Milledgeville,GA,0.012204918411972798,0.01301067586402982,0.013421971340004557,33.0874,-83.2414,31471.0,31062
Roanoke Rapids,NC,0.02267752623891295,0.02340388562977047,0.02387520240295493,36.4452,-77.6491,22225.0,27870
Grand Rapids,MI,0.03280210511643711,0.03434897997415387,0.03555078021563918,42.962,-85.6562,609314.0,49546
Traverse City,MI,0.04000047825808073,0.04274229463397017,0.04408289363782969,44.7547,-85.6035,50522.0,49686
Huntsville,AL,0.0330956745269162,0.03508716094871511,0.03638414993169703,34.6988,-86.6412,319249.0,35801
Muskogee,OK,0.024491281303195223,0.026047001633657807,0.026816002909818337,35.7431,-95.3568,39789.0,74403
St. Louis,MO,0.02555574405127592,0.026818322437548225,0.027762305342610594,38.6358,-90.2451,2024074.0,63110
Emporia,KS,0.012431721817668384,0.012770098596259771,0.01307947239861984,38.4028,-96.1924,24513.0,66801
Junction City,KS,0.005362868256687525,0.0052194301839958435,0.005366258738991103,39.0271,-96.8496,35677.0,66441
Fayetteville,NC,0.013843702923394652,0.014677105632370013,0.01517073414243053,35.0846,-78.9776,327435.0,28304
Adrian,MI,0.02893526484976361,0.030342686837732114,0.0314951754725068,41.8994,-84.0446,43689.0,49221
Paris,TN,0.02713658246388695,0.028394316393319796,0.029320337086138792,36.2934,-88.3065,10536.0,38242
Batesville,AR,0.026606882661466047,0.02824649154735548,0.029006981906929852,35.7687,-91.6226,12220.0,72501
Payson,AZ,0.04802152319953201,0.05141712856552916,0.052812092486418605,34.2434,-111.3195,14684.0,85541
Fort Morgan,CO,0.039985824683385296,0.04211848581655886,0.04321345979698088,40.2538,-103.7909,13349.0,80701
Corvallis,OR,0.03600776734674116,0.03969580563634412,0.0411053368547023,44.5697,-123.278,67467.0,97333
New Orleans,LA,0.03272527299086869,0.03432630906470857,0.0353220924413733,30.0687,-89.9288,1020886.0,70139
Corinth,MS,0.010451283777413556,0.011403842236364925,0.01183323815812476,34.9474,-88.5143,12382.0,38834
Athens,TX,0.032639472876668796,0.03512658494165577,0.03605782438490279,32.2041,-95.8321,12210.0,75751
Wabash,IN,0.01921875642496884,0.020130520009338237,0.02081414642284818,40.8034,-85.8301,9710.0,46992
Ocala,FL,0.032051341835628744,0.03232217901720502,0.03400397327746196,29.178,-82.1511,169383.0,34475
Newton,IA,0.020981711582145124,0.022221250072546495,0.02264519398513065,41.6964,-93.0402,15580.0,50208
Hartford,CT,0.020459651318500915,0.022275886148739987,0.02296881270775164,41.7661,-72.6834,905152.0,06106
Providence,RI,0.03568526489662305,0.03794104020377409,0.03906411800024001,41.823,-71.4187,1203230.0,02903
St. Cloud,MN,0.017515509278225094,0.018616460273001678,0.019124450303823926,45.5339,-94.1718,115028.0,56304
Willmar,MN,0.026127427667669956,0.027509462368134896,0.028497994078336975,45.122,-95.0569,20510.0,56201
Somerset,PA,0.015940321750845365,0.017193889215720626,0.017783942589808754,40.005,-79.0778,11738.0,15501
Gainesville,GA,0.029668561975223273,0.031151997722810743,0.031950870541178844,34.2903,-83.8301,167371.0,30501
San Antonio,TX,0.026901344829761475,0.028234678069914088,0.028868687983451435,29.4658,-98.5253,2049293.0,78112
Columbus,GA,0.0048811543786349,0.005795560563696123,0.005805113633891912,32.51,-84.8771,261445.0,31829
Columbia,MO,0.019186982296753197,0.02046090509029419,0.0211893951457105,38.9478,-92.3256,141645.0,65202
The Villages,FL,0.03865122536442689,0.040898343277767424,0.04227161799865198,28.9021,-81.9888,77609.0,34785
Miami,FL,0.04057369513074871,0.043305172114902035,0.04374841751961189,25.7839,-80.2102,6445545.0,33129
Eugene,OR,0.03454421057935053,0.03768034773365869,0.038921433695557006,44.0563,-123.1173,273439.0,97405
Greeneville,TN,0.030736713996527998,0.03208269528211449,0.032830836074589476,36.168,-82.8197,23683.0,37745
Lumberton,NC,0.03788043225502302,0.04033161591082024,0.04145625606252179,34.6312,-79.0186,28279.0,28358
Lincoln,IL,0.014244579321304629,0.0151889869879267,0.015483892765653096,40.1508,-89.3721,16993.0,62656
Show Low,AZ,0.050328618542696546,0.052673579950871297,0.05388492764454256,34.2671,-110.0384,11173.0,85901
Centralia,WA,0.0399618943097797,0.04230100054083641,0.04396139847775404,46.7226,-122.9696,42922.0,98531
Monroe,LA,0.027881898296429064,0.02989616323637434,0.030944526370445535,32.5183,-92.0774,112891.0,71209
Springfield,OH,0.014786979111212739,0.01552441035147245,0.01594349400913031,39.9297,-83.7957,82820.0,45503
Dunn,NC,0.017916605712085865,0.01898273115238558,0.019284972021933022,35.3113,-78.6129,15550.0,28334
Weatherford,OK,0.021178168433751754,0.02227049425043015,0.02274785723003281,35.5384,-98.6872,11883.0,73096
Morristown,TN,0.03332431664173452,0.03514222653981758,0.03607626102252448,36.2046,-83.3006,61171.0,37813
Lexington,NE,0.0243552355449983,0.025941849874082656,0.026414434097658868,40.7779,-99.7461,10345.0,68850
Mount Vernon,WA,0.04354834155799736,0.04608065117923599,0.04728518219652322,48.4202,-122.3115,71422.0,98274
Picayune,MS,0.0011470293458137881,0.0012146307279616853,0.0012817866211203288,30.5322,-89.6724,16832.0,39426
Kearney,NE,0.029891723165354822,0.03201703838569259,0.032942492212091556,40.701,-99.0834,34418.0,68847
Spokane,WA,0.03402873595806599,0.0369049343579797,0.03821565007045913,47.6671,-117.433,412275.0,99201
Crescent City,CA,0.03878714647502912,0.03998458318862408,0.04076189476568404,41.7727,-124.1902,16849.0,95531
Okeechobee,FL,0.031252539575254756,0.03280908770238833,0.03379664430201368,27.2414,-80.8298,26256.0,34972
Laramie,WY,0.02279331484796132,0.024084417850162243,0.02480606912735639,41.3099,-105.6085,33929.0,82072
Marion,IN,0.007409081812112639,0.007534187279492288,0.0080005152363678,40.5496,-85.66,40588.0,46953
Johnstown,PA,0.004155688545186997,0.004742797429216239,0.004641170699488439,40.3258,-78.9193,63141.0,15906
Sierra Vista,AZ,0.04359804173886239,0.04633577580043613,0.04763509248027309,31.563,-110.3153,51731.0,85650
Louisville,KY,0.027587418223912863,0.029604718056484458,0.030393028914222242,38.1663,-85.6485,1005654.0,40177
Kalamazoo,MI,0.02524785395065332,0.027039122013793992,0.027571097338540795,42.2749,-85.5882,215193.0,49001
Augusta,GA,0.024920136268927084,0.025933688902876062,0.026910340073738936,33.3645,-82.0708,390809.0,30912
Los Angeles,CA,0.05239978669064915,0.055452146344229014,0.05747264149129938,34.1139,-118.4068,12750807.0,90291
Pampa,TX,0.03285772392725628,0.0349214189102629,0.035647683963121235,35.5479,-100.9651,17230.0,79065
Tyler,TX,0.026367882527092323,0.02797568510195836,0.028659070803414677,32.3184,-95.3062,143796.0,75709
Starkville,MS,0.01994119551494511,0.020957711363938758,0.02112015606307649,33.4608,-88.8297,32546.0,39759
Bardstown,KY,0.027655281645045937,0.029591989429230914,0.03070017904736111,37.8174,-85.4548,21184.0,40004
San Luis Obispo,CA,0.0479432501514776,0.0517313245659794,0.05294030938167538,35.2669,-120.6691,62290.0,93401
Raleigh,NC,0.024126282689605594,0.025809187682578116,0.026362974501729974,35.8325,-78.6435,1038738.0,27617
Virginia Beach,VA,0.02935110890609116,0.031275374502886644,0.03245846319431056,36.7335,-76.0435,1478868.0,23459
Reading,PA,0.025395232511452814,0.02661764998697258,0.027580315277180523,40.34,-75.9267,267155.0,19604
Clewiston,FL,0.03540489057118701,0.03724603179431574,0.03827487151456732,26.7529,-80.9399,14383.0,33440
Cedartown,GA,0.02679004415602937,0.027561068216665152,0.028266837351765384,34.0223,-85.2479,12819.0,30125
Bloomington,IL,0.014586862640432186,0.01565586372165595,0.01603001472930221,40.4757,-88.9703,133846.0,61701
Marshalltown,IA,0.010938582256736273,0.011445234135367688,0.011729000537402223,42.0341,-92.9067,25994.0,50158
Ozark,AL,0.01928196028263951,0.020865084213553597,0.021312275094453437,31.4508,-85.6473,11562.0,36360
North Platte,NE,0.028622980358188332,0.03072921542657281,0.03149916510903861,41.1266,-100.764,24098.0,69101
Milwaukee,WI,0.02793559276785751,0.0294798852289615,0.030024373811109673,43.0642,-87.9673,1365787.0,53203
Richmond,IN,0.009471206560441203,0.010447892946123583,0.010572772976056521,39.8318,-84.8905,42373.0,47374
Greensboro,NC,0.021206093185824892,0.022442873310794642,0.023022111265617262,36.0956,-79.8269,343090.0,27410
Marion,NC,0.042122518889438076,0.044993585196978714,0.046174342589693884,35.6774,-82.0013,13454.0,28752
Clovis,NM,0.026033021171710136,0.027436736682611373,0.02820950070178241,34.4376,-103.1923,42168.0,88101
El Dorado,AR,0.023411319999269153,0.024498053537318487,0.025085448703612512,33.2184,-92.664,17706.0,71730
Ottumwa,IA,0.02082432263059819,0.021987542664502646,0.022701527817009737,41.0196,-92.4186,24121.0,52501
Lincoln,NE,0.029301811723743354,0.03102735021302694,0.03162690233841592,40.809,-96.6788,289490.0,68528
Beatrice,NE,0.016600443925579134,0.016515781256211115,0.016790272165331688,40.2737,-96.7454,12226.0,68310
Paragould,AR,0.027072802170711174,0.02864541274678767,0.029425876076982105,36.0555,-90.5149,27328.0,72450
Stamford,CT,0.0227413802621661,0.02473787477235634,0.02577768496087507,41.1035,-73.5583,129638.0,06906
Maysville,KY,0.009707551059793706,0.010463212815543299,0.010937835916991823,38.6454,-83.7911,11093.0,41056
New London,CT,0.021460391374794385,0.023110273436459217,0.023779773967121498,41.3502,-72.1023,26858.0,06320
Chicago,IL,0.016380702689182236,0.017513140314839193,0.017432308542858044,41.8373,-87.6862,8604203.0,60018
Scottsbluff,NE,0.026579226206078888,0.028297036452750834,0.029222594442523286,41.8684,-103.6616,25114.0,69361
Wilson,NC,0.012240440448034073,0.012671322631449433,0.012938211526696497,35.7312,-77.9284,49483.0,27893
Farmington,NM,0.022521615401495332,0.023170675811240216,0.024027181339745907,36.7555,-108.1823,51309.0,87401
Kingston,NY,0.032860363065078335,0.0354854843141017,0.03666475226946786,41.9295,-73.9968,54791.0,12401
Norfolk,NE,0.028741860416806153,0.030809676605358938,0.03179468723032319,42.0327,-97.4208,27032.0,68701
Olympia,WA,0.03752430322523681,0.04085587986160699,0.0422257866501381,47.0417,-122.8959,200915.0,98501
Lexington,KY,0.026271678893627692,0.027580847337551173,0.02832454389888528,38.0423,-84.4587,317110.0,40505
Ketchikan,AK,0.02256651519310071,0.024216851891660784,0.024916952673602832,55.3556,-131.6698,10652.0,99901
Fairfield,IA,0.022835202596361848,0.023947171464812067,0.024741484208553155,41.0061,-91.9669,11367.0,52556
Yuba City,CA,0.05422135267325623,0.057020250920052584,0.058705471607160664,39.1357,-121.6381,120456.0,95991
Kansas City,MO,0.03066677221519165,0.032806189799282626,0.03384474160082651,39.1239,-94.5541,1636715.0,64161
Calhoun,GA,0.01819031811033911,0.019400455640244507,0.019761462811981323,34.4918,-84.9391,34754.0,30701
Kinston,NC,0.012243607750663354,0.012485606547682826,0.012984055021070917,35.2748,-77.5936,26889.0,28501
Cedar Rapids,IA,0.01951569987010604,0.02065800059647649,0.02119408596577399,41.9665,-91.6782,188038.0,52404
Beaver Dam,WI,0.026502898509600525,0.02837276678122236,0.02918632505465668,43.469,-88.8308,18041.0,53916
Van Wert,OH,0.026665405437316325,0.028380090842883288,0.029314339795352362,40.865,-84.5879,10579.0,45891
Thomaston,GA,0.02018678740848312,0.021325857627093825,0.021881471307111156,32.8908,-84.3271,13759.0,30286
Ponca City,OK,0.023444196137750062,0.024709457604129126,0.025359646833826188,36.7235,-97.0679,24274.0,74601
Coffeyville,KS,-0.0009796145470344353,-0.0012474301151508271,-0.0014129330917684868,37.0518,-95.618,9827.0,67337
Scottsboro,AL,0.02006828687677853,0.021109938296510533,0.0218464041241182,34.6438,-86.0491,9841.0,35768
Russellville,AR,0.02856943939165424,0.03022052697630806,0.03086193600595366,35.2763,-93.1383,34205.0,72802
Andrews,TX,0.0639984086913814,0.06838717596005628,0.07041618110197634,32.3208,-102.552,15708.0,79714
Memphis,TN,0.018663592651134264,0.020050929195466027,0.020744924710361268,35.1046,-89.9773,1066967.0,38120
Anniston,AL,0.012471618397736473,0.013344025129882198,0.0138425910988893,33.6712,-85.8136,73501.0,36201
Huntington,IN,0.012398879401153806,0.013146464044355266,0.013734720339667827,40.8815,-85.5053,17942.0,46750
Crestview,FL,0.0385964278982065,0.04119798260170482,0.04251750334438542,30.748,-86.5784,39072.0,32539
Vallejo,CA,0.04596855910048481,0.04822939564646389,0.05022849340901403,38.1133,-122.2358,173256.0,94592
Asheville,NC,0.04233037470407086,0.045756915126825115,0.04695793727974418,35.5704,-82.5536,312507.0,28806
Warner Robins,GA,0.017749163511820543,0.018931621646464114,0.019469795637230947,32.597,-83.6529,155140.0,31088
New Philadelphia,OH,-0.001141301872541911,-0.0016796790594048039,-0.0015144208483558463,40.486,-81.4402,46698.0,44663
Susanville,CA,0.030500440525096595,0.03341546781623883,0.033835441177849646,40.4205,-120.6129,8602.0,96130
Pueblo,CO,0.035964285660426754,0.03770576713870977,0.03913511712152706,38.2705,-104.6112,143932.0,81004
Waco,TX,0.02699413443903964,0.028541653009688916,0.02911472040453633,31.5598,-97.1881,192315.0,76798
Austin,TX,0.02998782686947421,0.03142865128264116,0.03219167102523568,30.3004,-97.7522,1687311.0,78749
Shelbyville,TN,0.02356084756687582,0.02530886479396144,0.02584055964703702,35.4987,-86.4516,21741.0,37160
Topeka,KS,0.023080065205592026,0.02482091538050013,0.025445825268303635,39.0346,-95.6955,147458.0,66621
Fairmont,WV,0.0295539897142314,0.03132939037605964,0.03220096058366906,39.4768,-80.1491,32847.0,26554
Keene,NH,0.0365015502750492,0.03980810391126388,0.040871753175026004,42.9494,-72.2997,21911.0,03431
Panama City,FL,0.03409310171432356,0.036572927923548715,0.037869629711168695,30.1995,-85.6004,136133.0,32401
Bluefield,WV,0.021531836437891583,0.022985136672201145,0.023787310176386134,37.2608,-81.2143,40640.0,24701
Erie,PA,0.020415974886103028,0.0218723845258475,0.022329023660467184,42.1168,-80.0733,184484.0,16546
Sheridan,WY,0.01566498496858837,0.016934056990518753,0.01759066768418638,44.7962,-106.9643,19320.0,82801
Billings,MT,0.030283903834956494,0.03235199160971747,0.03318954298583088,45.7891,-108.5524,120728.0,59106
Eagle Pass,TX,0.02974615417265314,0.031843520032125205,0.03303476783156989,28.7125,-100.484,55686.0,78852
Harrisonburg,VA,0.007620846063603359,0.008153426035232503,0.008346927963109652,38.4361,-78.8735,72386.0,22801
St. Joseph,MO,0.01878259747604183,0.019866576370749067,0.0203407704447931,39.7599,-94.821,79161.0,64503
Valley,AL,0.008255479729041504,0.008161418669811571,0.00803229103884151,32.8088,-85.1809,19926.0,36854
Oshkosh,WI,0.012202538307066746,0.013560817115843005,0.013767081006888615,44.0228,-88.5619,75536.0,54985
Olean,NY,0.019101545597452807,0.01880250305586828,0.019421454888247425,42.0819,-78.4321,20755.0,14760
Angola,IN,0.016398185959587197,0.01776507725052623,0.018228249349151016,41.6433,-85.0051,11352.0,46703
Greenville,NC,0.006871110322394625,0.0072598252228213145,0.007283682297004601,35.5956,-77.3768,130118.0,27834
Grenada,MS,0.09019117106482488,0.09623104216943457,0.09899605310184478,33.7816,-89.813,9782.0,38901
Othello,WA,0.04208540415935369,0.044460614393879716,0.045662226081754076,46.8221,-119.1652,12761.0,99344
Greenville,MS,0.02518407559933178,0.026352699321875006,0.026864472240408777,33.385,-91.0514,29613.0,38701
Faribault,MN,0.03951441162690328,0.04171916771771733,0.04286733442330326,44.2985,-93.2786,24250.0,55021
Glens Falls,NY,0.03217431062565157,0.033614034735345966,0.03447415558182798,43.3109,-73.6459,63499.0,12801
Coldwater,MI,0.029843631453506658,0.031240099555222445,0.0320563218397949,41.9465,-84.9989,18832.0,49036
McComb,MS,0.02049639654992519,0.022238824330507168,0.022751526686319412,31.2442,-90.4717,16672.0,39648
Yuma,AZ,0.020894674245256706,0.023065705421349447,0.024050802605005916,32.5992,-114.5488,142847.0,85365
Lawton,OK,0.023297268194049314,0.02455256667756922,0.02531535068741353,34.6176,-98.4203,90712.0,73501
Rome,GA,0.0277589077783702,0.029098219580147022,0.02982476307957893,34.2661,-85.1862,61537.0,30161
Athens,OH,0.01633303630022298,0.017381655378696736,0.017968870362941036,39.3269,-82.0988,29122.0,45701
Killeen,TX,0.016738399120237446,0.017767177621151653,0.01825875404598909,31.0754,-97.7296,258009.0,76541
Taylorville,IL,0.010195871651474286,0.01107017010714828,0.011405037488861458,39.5328,-89.2804,12659.0,62568
Walla Walla,WA,0.04111142050462879,0.04349419173207303,0.04499484389009134,46.067,-118.3366,57860.0,99362
Rock Springs,WY,0.006969188947576255,0.007277443219965818,0.007569861031215819,41.5951,-109.2238,25913.0,82901
Levelland,TX,0.027906570447011836,0.029554825237539273,0.03053395140405324,33.5806,-102.3636,13755.0,79336
St. George,UT,0.03687661510381357,0.03776661321375352,0.03872801546311777,37.077,-113.577,120899.0,84770
Liberal,KS,0.0307915578471889,0.03270838964710854,0.03355420316088131,37.0466,-100.9295,18990.0,67901
Roanoke,VA,0.025198203078988124,0.02680257202908609,0.02750550812057151,37.2785,-79.958,214674.0,24014
Niles,MI,0.024660438523169237,0.025304309991541984,0.026052544576834702,41.8346,-86.2473,11149.0,49120
Wooster,OH,0.02109320970332762,0.02170236437902906,0.022562647909229794,40.8171,-81.9335,30750.0,44691
Marshall,TX,0.02544910878452833,0.027174717005859383,0.02793270818981597,32.537,-94.3515,21331.0,75672
Corsicana,TX,0.03133581996943291,0.03304008127291458,0.033834140472790875,32.0824,-96.4665,22728.0,75110
Altoona,PA,0.028351649133440127,0.031029283738708502,0.03200626939450446,40.5082,-78.4007,74829.0,16601
Alexandria,LA,0.027992388620413866,0.029668106912195347,0.030344956447335925,31.2923,-92.4702,80129.0,71302
Toccoa,GA,0.02676473578748939,0.028126707703607146,0.02886672405137336,34.5807,-83.3256,10647.0,30577
Vermillion,SD,0.032280192182406076,0.03396545550141283,0.03473163696609283,42.7811,-96.9255,10844.0,57069
Odessa,TX,0.0516731724546593,0.05490680670970649,0.056711601279922697,31.8831,-102.3406,155998.0,79761
Michigan City,IN,0.018281150659742673,0.01931372238340412,0.01984923881268763,41.7099,-86.8705,65058.0,46360
Fond du Lac,WI,0.019251557588084722,0.020896574168629778,0.021352875814398153,43.7718,-88.4396,55209.0,54937
Shawnee,OK,0.026229699185108313,0.027215457686249556,0.027942242180437615,35.3529,-96.965,36067.0,74804
Decatur,AL,0.01504222038434655,0.01617299563780894,0.017063986847910106,34.573,-86.9906,68867.0,35603
North Vernon,IN,0.023494890376198896,0.025178054655695226,0.025824427409014028,39.017,-85.6317,11310.0,47265
Naples,FL,0.03402780394586946,0.03621430028545092,0.03650171818378389,26.1504,-81.7936,22088.0,34103
Garden City,KS,0.028504352996315818,0.02993135754672993,0.03074536835356234,37.9754,-100.8529,29659.0,67846
Hilo,HI,0.036148427747832335,0.03849024909150334,0.040222690058801636,19.6886,-155.0864,46284.0,96720
Caon City,CO,0.05166853720645026,0.055509774859753946,0.056885752150128255,38.443,-105.2203,27676.0,81212
Crossville,TN,0.025986736921967513,0.02767170509573913,0.028669795071216697,35.9527,-85.0294,17825.0,38571
Elkhart,IN,0.034879350744295934,0.03645020739602933,0.037787477532415625,41.6916,-85.9628,147567.0,46514
Bay City,MI,0.022447779957956104,0.023799735578302395,0.024819190674824965,43.5903,-83.8886,66107.0,48706
Bradford,PA,0.02274245838875899,0.023774287308499176,0.024180941223467478,41.9604,-78.6414,11311.0,16701
State College,PA,0.03220803572354436,0.03432564014771078,0.03547830162434673,40.7909,-77.8568,87723.0,16802
Brownsville,TX,0.015483554640098651,0.016061014831639353,0.016558214714553543,25.998,-97.4565,227239.0,78521
Phoenix,AZ,0.0373087751976775,0.040501346068286814,0.042349067256710615,33.5722,-112.0891,4219697.0,85008
Laurel,MS,0.007985568121740227,0.008716063215100434,0.00891089265845868,31.6956,-89.1448,25844.0,39440
Baraboo,WI,0.016383497277944636,0.017174498940073057,0.017870236313141108,43.4695,-89.7376,13893.0,53913
Summit Park,UT,0.03402278204828457,0.03644405786189209,0.03728029710116476,40.7432,-111.5814,8273.0,84098
Malvern,AR,0.03015653512582883,0.03123385049278271,0.031913897117350265,34.3734,-92.8205,11851.0,72104
Sanford,NC,0.019166419384649913,0.020355762468977634,0.020931504211071594,35.4874,-79.1772,35467.0,27330
Daphne,AL,0.03131810431991733,0.03456542362823711,0.03531294625819337,30.6286,-87.8866,71484.0,36527
Owatonna,MN,0.011343470520081222,0.011912854669018369,0.01222080353726196,44.0914,-93.2304,25498.0,55060
Big Rapids,MI,0.008328879392110133,0.009411488489388997,0.009587482289872717,43.6992,-85.4806,13921.0,49307
Sioux City,IA,0.028796828168941913,0.030709474265759207,0.031417842446674005,42.4959,-96.3901,106455.0,51106
Jacksonville,NC,0.027420054676146277,0.02969005157467497,0.030557519389938115,34.7288,-77.3941,108856.0,28546
Vernon,TX,0.024017467780628854,0.025248521199834784,0.02579589948390182,34.148,-99.3,9919.0,76384
Lansing,MI,0.029793598153237788,0.03126329974527775,0.03220136234705584,42.7142,-84.5601,324286.0,48933
Shelby,NC,0.02249611805385454,0.023656089478115705,0.0242663595334609,35.2904,-81.5451,26973.0,28152
Wahpeton,ND,0.03261858853270927,0.03472612423261601,0.03578757525977827,46.2722,-96.6118,11067.0,58075
Fort Madison,IA,0.019640233936205176,0.0207361064799354,0.021475460746557706,40.6207,-91.3509,10130.0,52627
Kankakee,IL,0.013331426983048233,0.013169448692615715,0.013240856599821882,41.1019,-87.8643,77429.0,60901
Lynchburg,VA,0.03362818358173092,0.03532999965507022,0.036450285924054304,37.4003,-79.1909,126814.0,24504
Bend,OR,0.04663086315467391,0.04978074977332403,0.051579943111433435,44.0562,-121.3087,109802.0,97702
Albany,NY,0.026739805925639404,0.028192569968755077,0.029004844747692937,42.6664,-73.7987,586383.0,12208
Bennington,VT,0.022797233359256763,0.02543705916264649,0.026258589813395794,42.8746,-73.1852,8836.0,05201
Janesville,WI,0.015620308287658702,0.016980180830788782,0.017029167126638045,42.6855,-89.0136,70755.0,53545
Anchorage,AK,0.03376059329145442,0.03568978426954139,0.036855895140656125,61.1508,-149.1091,247949.0,99518
North Port,FL,0.03168506500661761,0.03496439426625875,0.03679948855436388,27.0577,-82.1975,209070.0,34286
Las Vegas,NM,0.009762978267952915,0.009898115058465828,0.010312685984965375,35.6011,-105.2206,14662.0,87701
Klamath Falls,OR,0.06654002507623602,0.07097155850317138,0.07312071607488324,42.2191,-121.7754,43246.0,97603
DuBois,PA,0.028913555706433502,0.03030720207466575,0.03086226635291922,41.1225,-78.7564,11241.0,15801
Ashtabula,OH,0.02534979876650123,0.02698659486467303,0.027704092818272574,41.8806,-80.7984,27645.0,44004
Auburn,AL,0.022131367989937756,0.023832494405553906,0.024637081366502445,32.6087,-85.4899,92777.0,36849
Portsmouth,OH,0.019814603421559163,0.02157143297195363,0.021844606289015633,38.7539,-82.9446,36111.0,45662
Warsaw,IN,0.026366205661215503,0.02843820042955203,0.02926944768189288,41.2448,-85.8464,33708.0,46582
Missoula,MT,0.035266141188898814,0.037775568158192385,0.03861479951410396,46.875,-114.0214,92895.0,59808
Manchester,NH,0.03904155242285756,0.04154515391687941,0.043109352139683255,42.9848,-71.4447,162877.0,03109
Bennettsville,SC,0.03732392921045746,0.03864147524427963,0.04008218241148587,34.6303,-79.6874,11086.0,29512
Cadillac,MI,0.0199664574641496,0.020970832411724816,0.021870344885015935,44.2494,-85.4163,11850.0,49601
Idaho Falls,ID,0.03845613831607997,0.040777092309327134,0.04178783684828602,43.4872,-112.0362,100442.0,83401
Evansville,IN,0.02530529210300725,0.027256485181444967,0.027859231137570717,37.9881,-87.5341,230427.0,47708
Pittsfield,MA,0.028957930869926374,0.030080431946360786,0.031303127664170205,42.4517,-73.2605,55697.0,01201
Winnemucca,NV,0.07980758909361474,0.08554864270160167,0.088096311554972,40.9645,-117.7247,10764.0,89445
New York,NY,0.03768665893285972,0.039174667934331664,0.04005231359817185,40.6943,-73.9249,18713220.0,11229
Columbia,SC,0.02098210078357443,0.021449143499078893,0.021984299103526173,34.0376,-80.9037,560041.0,29202
West Plains,MO,0.0182361042967496,0.020013218445989578,0.020537261427135967,36.7378,-91.868,11540.0,65775
Key West,FL,0.03561387146818906,0.038364259688043356,0.03944853900026035,24.5637,-81.7768,31401.0,33040
San Francisco,CA,0.056362205797471754,0.06052881506871355,0.06302857500916836,37.7562,-122.443,3592294.0,94130
Summerville,GA,0.0264353172257199,0.02869250651678712,0.029441526219322833,34.4787,-85.3491,10331.0,30747
Wichita Falls,TX,0.01206773398938199,0.013109724243459464,0.01373469136579586,33.9072,-98.5291,99557.0,76308
Gulfport,MS,0.0072431041575387045,0.007762702947676781,0.008205475515498772,30.4271,-89.0703,220987.0,39501
Aberdeen,WA,0.04987202426747639,0.052421012608449225,0.0542144415110557,46.9757,-123.8094,29609.0,98520
Cornelia,GA,0.015645485265418202,0.01728940881871166,0.01764411493317186,34.517,-83.531,20913.0,30531
Brevard,NC,0.027026692445869305,0.02877498897742692,0.02938840087490502,35.2439,-82.7264,13666.0,28712
Hutchinson,MN,0.025281404928669815,0.026973910873143714,0.027626677901372965,44.8856,-94.3768,13861.0,55350
Jackson,MI,0.02163488011262671,0.02502576245019772,0.02550809661384812,42.2431,-84.4037,87110.0,49202
Reno,NV,0.03154261671599912,0.0342817305979084,0.03586119167176505,39.5497,-119.8483,445020.0,89521
Laconia,NH,0.04599578264058524,0.049169528428001374,0.050528772053068494,43.5724,-71.4775,19371.0,03246
Kahului,HI,0.04020734803709436,0.04313270177178241,0.044403538823609034,20.8715,-156.4603,32312.0,96732
Jefferson,GA,0.03602753726466856,0.03814176913605882,0.03929418462000123,34.1373,-83.6021,13322.0,30549
Flagstaff,AZ,0.039737332061300146,0.041597158353618324,0.04301971482126232,35.1872,-111.6195,81974.0,86001
Toledo,OH,0.020261120031662916,0.02129114381482955,0.021800404086600444,41.6639,-83.5822,482111.0,43615
Burley,ID,0.04368277555238498,0.04649060477399658,0.0476571808449453,42.5379,-113.793,16342.0,83318
Selma,AL,0.022982801414238585,0.02426785863864689,0.024990147532652163,32.4166,-87.0336,19775.0,36703
Gainesville,TX,0.025445341520661913,0.026997615264894304,0.027829369233244527,33.6391,-97.1488,16615.0,76240
Galesburg,IL,0.01280815879889774,0.014007515254270464,0.01433666044931936,40.9506,-90.3763,33767.0,61401
Vineyard Haven,MA,0.05089653446378284,0.05493265563522587,0.05667704693947151,41.4565,-70.6069,1887.0,02568
Jacksonville,IL,0.022108987979195138,0.023661147232401536,0.024323025412696486,39.7292,-90.2318,21685.0,62650
Malone,NY,0.03737531457462717,0.03956322545280755,0.04062569385918602,44.849,-74.2889,10255.0,12953
La Crosse,WI,0.03015577576178674,0.032110134773327914,0.03321065585406391,43.824,-91.2268,100693.0,54601
Minneapolis,MN,0.03718392847065766,0.03906574617009562,0.04001485504580371,44.9635,-93.2678,2977172.0,55403
Florence,AL,0.0011339075921226183,0.001332304665762063,0.0012848295323928394,34.8303,-87.6654,79964.0,35633
Port Lavaca,TX,0.028530247176453694,0.03015674783446043,0.031027345231797954,28.6181,-96.6278,11436.0,77979
Amsterdam,NY,0.03253551204365479,0.0348011268925692,0.035805374036214976,42.942,-74.1907,21241.0,12010
Albert Lea,MN,0.009346554713441035,0.009665084870098317,0.009725497497286906,43.6547,-93.3642,17511.0,56007
Gloversville,NY,0.03499712710299341,0.03730164762686283,0.03852075929768506,43.0491,-74.3465,27512.0,12078
Fergus Falls,MN,0.020293080983634804,0.022033354804767757,0.02263550140019066,46.2853,-96.076,12683.0,56537
Breckenridge,CO,0.04902071824560483,0.052311519048645394,0.05400562440937717,39.4995,-106.0433,7818.0,80424
Pittsburgh,PA,0.02925639472262409,0.03080192275468807,0.03170065412031664,40.4396,-79.9762,1703266.0,15216
Lewisburg,PA,0.012509349512000556,0.013383368359300096,0.013968710479562496,40.9642,-76.8901,5708.0,17837
Glenwood Springs,CO,0.05405126680057504,0.05765516577429031,0.059060145166742295,39.5455,-107.3346,11962.0,81601
Glasgow,KY,0.02585357930930554,0.027180811864920384,0.027875349802400473,37.0047,-85.9263,14010.0,42141
Kapaa,HI,0.03646948287307539,0.03883019441741631,0.039988934219591155,22.091,-159.352,10544.0,96746
York,PA,0.022176628719114966,0.023588640214682544,0.024145098100450957,39.9651,-76.7315,233184.0,17404
Cedar City,UT,0.03765720236706782,0.039289444120281125,0.040329467579269584,37.6834,-113.0956,39995.0,84720
Rapid City,SD,0.026627246322794562,0.028123361183533202,0.02868952256496704,44.0716,-103.2204,92664.0,57702
